INSERT INTO users(id,name,email,phone,email_verified_at,password,photo,role,is_active,remember_token,created_at,updated_at) VALUES (295,'Superadmin','superadmin@sips.com',NULL,'2022-08-23','$2y$10$92IXUNpkjO0rOQ5byMi.Ye4oKoEa3Ro9llC/.og/at2.uheWG/igi',NULL,'superadmin',1,'qq6B4TZoT5KJ8ebG75gJdFWCQCdyoynpihP3AUSDkMh0snKc1XT8zcN9V6GT','2022-08-23','2023-07-23');
INSERT INTO users(id,name,email,phone,email_verified_at,password,photo,role,is_active,remember_token,created_at,updated_at) VALUES (2,'Admin','admin@sips.com',NULL,'2022-08-23','$2y$10$92IXUNpkjO0rOQ5byMi.Ye4oKoEa3Ro9llC/.og/at2.uheWG/igi',NULL,'admin',1,'1W4imGn8OQZWhODrVwfzZIenaVg4ZycebM8gvgtjm8OwVZvdYQbiPw9BxV53','2022-08-23','2022-08-23');
INSERT INTO users(id,name,email,phone,email_verified_at,password,photo,role,is_active,remember_token,created_at,updated_at) VALUES (4,'pia','pia@gmail.com','82362312361',NULL,'$2y$10$gQM5y1aaDTctXJ8sfVlA9eQ6cIPKS8I1Kfy2H7x01kKKp/HtZV/3C',NULL,'admin',1,NULL,'2022-09-01','2022-09-01');
INSERT INTO users(id,name,email,phone,email_verified_at,password,photo,role,is_active,remember_token,created_at,updated_at) VALUES (5,'mine','mine@fmail.com','12747129421',NULL,'$2y$10$gV1rQi6KNxnyperdi3YwUuq8Ld3LQ7MRiPdNxl6EjQMR2RpOJhlIy',NULL,'admin',1,NULL,'2022-09-04','2022-09-04');
INSERT INTO users(id,name,email,phone,email_verified_at,password,photo,role,is_active,remember_token,created_at,updated_at) VALUES (6,'ardi','ramli.siregar@gmail.com','8116122109',NULL,'$2y$10$6kc.QrDshds4HqD.k7FnbOPdBFraeKmpjA3fCueTqdiUBBXZhKXJa',NULL,'admin',1,'32|GP7Bdaq1nRhAxrvgk7SkLZs75LLYo6XRrKd6C0fu','2022-09-04','2022-09-04');
INSERT INTO users(id,name,email,phone,email_verified_at,password,photo,role,is_active,remember_token,created_at,updated_at) VALUES (7,'jabes','jabes@mail.com','81212121212',NULL,'$2y$10$4xdSmlGJ/7VSagUPUb2UP.sGIq6gkrGUiTMFEqAG3EVbh5KiEg3yO',NULL,'admin',1,'468|x735umnl0IIv8UUHV6lxLsYCK7jrndYCm7vaMpD0','2022-09-06','2023-07-10');
INSERT INTO users(id,name,email,phone,email_verified_at,password,photo,role,is_active,remember_token,created_at,updated_at) VALUES (8,'jabes2','jabes2@mail.com','812121212121',NULL,'$2y$10$oLFIv3aFKtWCV5m/EdGu9OUUgQdGff9RT84JaimuzTXkK5iFhe97y',NULL,'admin',1,'41|NCZEyncmiN62vUYAwYFUQ05dIu5QErwwqTC1vi5N','2022-09-06','2022-09-06');
INSERT INTO users(id,name,email,phone,email_verified_at,password,photo,role,is_active,remember_token,created_at,updated_at) VALUES (9,'siregar','siregar@gmail.com','81280444642',NULL,'$2y$10$/AZQRMTwJqimJmVwvQCz6uMWXdbo0eB/mD.aYchexlvnCRS/P77BS',NULL,'admin',1,'99|lT2XEVUyymZbowEA6i556CdZhTeg1nfjJzdANCrI','2022-09-07','2022-09-12');
INSERT INTO users(id,name,email,phone,email_verified_at,password,photo,role,is_active,remember_token,created_at,updated_at) VALUES (10,'coba3','coba3@mail.com','812121212124',NULL,'$2y$10$7f/hCZoyyWWgxL9p2l1Vfu4Qyqei77ifW12WEoujZhTwVrLDQBCRC',NULL,'admin',1,NULL,'2022-09-07','2022-09-07');
INSERT INTO users(id,name,email,phone,email_verified_at,password,photo,role,is_active,remember_token,created_at,updated_at) VALUES (11,'coba2','coba2@mail.com','831645464',NULL,'$2y$10$QO0b4LDAICP1dz0qYkPL7.2JUOZy22qQkIW/UYjfbcwWOiLozVu/6',NULL,'admin',1,'97|AJ7QS4W8In9y8FnXBmwtgdppUpuT5MphjSPx30By','2022-09-07','2022-09-09');
INSERT INTO users(id,name,email,phone,email_verified_at,password,photo,role,is_active,remember_token,created_at,updated_at) VALUES (12,'Tester','tester@mail.com','81242126391',NULL,'$2y$10$27HDeHOyx8OKiP8gTtJjL.kPDfL.RAmifD05Fjn47eJWAR4bGE3F2',NULL,'admin',1,'92|fb4MZTyctYVGSaiHcFzySI0HiWoAmUdTCGEHILrN','2022-09-08','2022-09-08');
INSERT INTO users(id,name,email,phone,email_verified_at,password,photo,role,is_active,remember_token,created_at,updated_at) VALUES (13,'testing','test@mail.com','812321654987',NULL,'$2y$10$A.j/ec8vuGVSqRctKhLUieX9fk5ccII9B9Zad7kxGForORHi/ZDse',NULL,'admin',1,NULL,'2022-09-09','2022-09-09');
INSERT INTO users(id,name,email,phone,email_verified_at,password,photo,role,is_active,remember_token,created_at,updated_at) VALUES (14,'Kirigaya Kazuto Kirito','kirito@mail.com','81245678925',NULL,'$2y$10$1rOFRP8/Af9sgSXpLiOaT.lgdmGJjyT2L2zGdnqGqR5roz8E/PPPS',NULL,'admin',1,NULL,'2022-09-19','2022-09-19');
INSERT INTO users(id,name,email,phone,email_verified_at,password,photo,role,is_active,remember_token,created_at,updated_at) VALUES (15,'ramli','ramli@gmail.com','8158285662',NULL,'$2y$10$6CFL9E1YuajvJ4MmJDgzJu1nfxIs4pFlPNMNMXztF29dPEv7MnOX2',NULL,'admin',1,'302|NtAMsiDz47byBXYTWZ7uD6VQ7F8lINnrzWPO8zI1','2022-09-20','2022-10-23');
INSERT INTO users(id,name,email,phone,email_verified_at,password,photo,role,is_active,remember_token,created_at,updated_at) VALUES (16,'fikri damanik','disparbudsimalungun24@gmail.com','8116201285',NULL,'$2y$10$MbhEcu.kXAfoczPdPkydqOsFvkm85iC7u7JCveTfrHtItBAg.J9Ii',NULL,'admin',1,NULL,'2022-09-21','2022-09-21');
INSERT INTO users(id,name,email,phone,email_verified_at,password,photo,role,is_active,remember_token,created_at,updated_at) VALUES (17,'test1','test1@mail.com',NULL,NULL,'$2y$10$aJ4nQ0X9QyJoD0sHO/ZazuZPcmapa8yKxVKrJWp7JxumqW6wn6/5.',NULL,'admin',1,'142|IUULZvgrlHtZEzV0OHREMOS3SySXzoeL7UeMqjwi','2022-09-21','2022-09-21');
INSERT INTO users(id,name,email,phone,email_verified_at,password,photo,role,is_active,remember_token,created_at,updated_at) VALUES (18,'Abed Nego Purba','purbaabed@gmail.com','85262197060',NULL,'$2y$10$FixKu02UHH.Aq1PLJFtqM.JtolSkMMcVXAzsEf4Cd9BWOZlzGCVZO',NULL,'admin',1,NULL,'2022-09-21','2022-09-21');
INSERT INTO users(id,name,email,phone,email_verified_at,password,photo,role,is_active,remember_token,created_at,updated_at) VALUES (19,'Lasmaria situmorang','lasmariasitumorang81@gmail.com','85276588909',NULL,'$2y$10$ME4wg0gNpD6wUidEjZ29A.mNwW/XgwLfBZu8VpzoKaSMhXm3ViEMm',NULL,'admin',1,'485|05rko4GmQBktlzcmAfseJMFUn127oLkbj9WX8GJE','2022-09-21','2023-07-24');
INSERT INTO users(id,name,email,phone,email_verified_at,password,photo,role,is_active,remember_token,created_at,updated_at) VALUES (20,'Zahara T Girsang','zahara.t.girsang@gmail.com','81265486274',NULL,'$2y$10$9iEeqshd82lbGqYXuz0FjePhSfVo7zflLoh.caerRYaHyDSIYD5WC',NULL,'admin',1,NULL,'2022-09-21','2022-09-21');
INSERT INTO users(id,name,email,phone,email_verified_at,password,photo,role,is_active,remember_token,created_at,updated_at) VALUES (21,'Elma Rimayani Ginting','elmarimayani1987@gmail.com','81534703650',NULL,'$2y$10$rbbUNi5M2DrWgWuW0qlAveJzwHOw5k8D7yIKGyDnZPyf74Jayrfeu',NULL,'admin',1,NULL,'2022-09-21','2022-09-21');
INSERT INTO users(id,name,email,phone,email_verified_at,password,photo,role,is_active,remember_token,created_at,updated_at) VALUES (22,'ainun azura','alzahsy14@gmail.com','85373126789',NULL,'$2y$10$u4cqRyxEtbp8cI2vZFjh/.nmtHbc1Cd5twzHpZxzKToUz6BN9h0ge',NULL,'admin',1,NULL,'2022-09-21','2022-09-21');
INSERT INTO users(id,name,email,phone,email_verified_at,password,photo,role,is_active,remember_token,created_at,updated_at) VALUES (23,'Herry Sudrajat','herrysudrajat39@gmail.com','85297803755',NULL,'$2y$10$hzPJahPcyBjDLoCe6LTyB.vxE/hmVT2Jl2kGRQneKr.iziBJYc23.',NULL,'admin',1,NULL,'2022-09-21','2022-09-21');
INSERT INTO users(id,name,email,phone,email_verified_at,password,photo,role,is_active,remember_token,created_at,updated_at) VALUES (24,'Jerita Datubara','jjeritadatubara000@gmail.com','85206183667',NULL,'$2y$10$NUj8Qe0V7gDYWCakh.2HWOLqabIdlGkhlor2OJiWC8Bh2.KB5yzh.',NULL,'admin',1,NULL,'2022-09-21','2022-09-21');
INSERT INTO users(id,name,email,phone,email_verified_at,password,photo,role,is_active,remember_token,created_at,updated_at) VALUES (25,'Giovanny J P Purba','giovannypurba8@gmail.com','82276189916',NULL,'$2y$10$LQZyeWu/aSPo1bUTMOBin.bWxEYZ5eJr1fYGhdFa8vXdORg7pZkwy',NULL,'admin',1,NULL,'2022-09-21','2022-09-21');
INSERT INTO users(id,name,email,phone,email_verified_at,password,photo,role,is_active,remember_token,created_at,updated_at) VALUES (26,'artha turnip','arthasukinta@gmail.com','81298053351',NULL,'$2y$10$t0JMeJeMoHX2h0hycROu6eNAX7A2jazurw.7EN6Yr4cXM39ZOPTXa',NULL,'admin',1,'537|B2gllx35JZk4hOQ3TCQZ2G5uAXifu09OpRgB7eOf','2022-09-21','2023-11-06');
INSERT INTO users(id,name,email,phone,email_verified_at,password,photo,role,is_active,remember_token,created_at,updated_at) VALUES (27,'Muhammad hadi purba','codenreal1973@com',NULL,NULL,'$2y$10$m1QFSOxWZxPPwiOdaHfzR.hhlCAm6NPerT9x8VRDc4jQsyfJM8SA2',NULL,'admin',1,NULL,'2022-09-21','2022-09-21');
INSERT INTO users(id,name,email,phone,email_verified_at,password,photo,role,is_active,remember_token,created_at,updated_at) VALUES (28,'Beatrix Fitriana Simbolon','beatrixsimbolon01@gmail.com','81260601389',NULL,'$2y$10$OLXaUGvWpVpU.1mQO2vW.ur2rGlNV/yoDvOwGCwiyAuZ3AQgdiwsu',NULL,'admin',1,'395|Fr4ODOeQfy42KpwWdPd79wDi96DggCqnJowuZCX8','2022-09-21','2023-02-24');
INSERT INTO users(id,name,email,phone,email_verified_at,password,photo,role,is_active,remember_token,created_at,updated_at) VALUES (29,'Dahsaruddin Sinaga','dahsaruddinsinaga@gmail.com','85362689001',NULL,'$2y$10$u87rbWW3bBtCWdNB5XO7O.7t7v2mcgUM3tASBGA05tQuX7sYWfKWS',NULL,'admin',1,NULL,'2022-09-21','2022-09-21');
INSERT INTO users(id,name,email,phone,email_verified_at,password,photo,role,is_active,remember_token,created_at,updated_at) VALUES (30,'HERMANSYAH','hermansyah05051981@gmail.com','87836381663',NULL,'$2y$10$XsOCn10aXzTZAUFXDkoScuDjq.oA30CHQJjL4jQJpzjboNNWF157a',NULL,'admin',1,NULL,'2022-09-21','2022-09-21');
INSERT INTO users(id,name,email,phone,email_verified_at,password,photo,role,is_active,remember_token,created_at,updated_at) VALUES (31,'Tumbur H Hutabarat','Hotman.Hutabarat.14@gmail.com','8122268985',NULL,'$2y$10$8m/CjSixU8rsKk2kd4UVpOdJIOMeSVMn/hwv4MzHN6Y.lLtnjsu9W',NULL,'admin',1,'221|ImZGfU7s3arodxzmP6JgzbZCXOcx64tqcBw8zTri','2022-09-21','2022-09-24');
INSERT INTO users(id,name,email,phone,email_verified_at,password,photo,role,is_active,remember_token,created_at,updated_at) VALUES (32,'tiolo silalahi','tiolosilalahi123@gmail.com','81377165897',NULL,'$2y$10$Fgwbd8/tCIgAQt7bY5r6aezM.6rzqy0K5PSq8A2lANPxJpXKSvMHu',NULL,'admin',1,NULL,'2022-09-21','2022-09-21');
INSERT INTO users(id,name,email,phone,email_verified_at,password,photo,role,is_active,remember_token,created_at,updated_at) VALUES (33,'anas malik','malikinas1405@gmail.com','82267570062',NULL,'$2y$10$cjAZv4X.ahlHGWxxszwRe.KVB3mMrHrjqBrpdUPhbzWaxZ/ZPW4im',NULL,'admin',1,NULL,'2022-09-21','2022-09-21');
INSERT INTO users(id,name,email,phone,email_verified_at,password,photo,role,is_active,remember_token,created_at,updated_at) VALUES (34,'Dharmawan Damanik','dharmawandamanik@gmail.com','82239298979',NULL,'$2y$10$XSDmpq7HJJ4C4Utyq35/AO23g8.RUEQ7n9YRcKeLWjGHfzcFhqr2m',NULL,'admin',1,NULL,'2022-09-21','2022-09-21');
INSERT INTO users(id,name,email,phone,email_verified_at,password,photo,role,is_active,remember_token,created_at,updated_at) VALUES (35,'Dame saragih','damesaragih335@gmail.com',NULL,NULL,'$2y$10$2s6VplH6qkkCMb23sho70uTHPX8K1S1BvXBB4Bv8sVhthzI52WdWK',NULL,'admin',1,NULL,'2022-09-21','2022-09-21');
INSERT INTO users(id,name,email,phone,email_verified_at,password,photo,role,is_active,remember_token,created_at,updated_at) VALUES (36,'kukuh abimanyu','ir.abimanyu93@gmail.com','82274856676',NULL,'$2y$10$kzG5DyJRYu6pO/ICbgWiFeRXXJ/sSFh81DPJMeZ7gqnzCzqR3J.96',NULL,'admin',1,NULL,'2022-09-22','2022-09-22');
INSERT INTO users(id,name,email,phone,email_verified_at,password,photo,role,is_active,remember_token,created_at,updated_at) VALUES (37,'Juliber Sihombing','saranaprasarana02@gmail.com','83139439818',NULL,'$2y$10$qQ.aeUojgy9ct/5bHS5/WOEAQcCkBmMEHbsOnvs4i/XvvraAoXx0i',NULL,'admin',1,NULL,'2022-09-23','2022-09-23');
INSERT INTO users(id,name,email,phone,email_verified_at,password,photo,role,is_active,remember_token,created_at,updated_at) VALUES (38,'chan','marcelgrouptour@gmail.com','81261917164',NULL,'$2y$10$EMdLLHSLdig7aQCqlBaiseCglhKknuISegzknk8PUFk6Fk/qNyEPa',NULL,'admin',1,NULL,'2022-09-24','2022-09-24');
INSERT INTO users(id,name,email,phone,email_verified_at,password,photo,role,is_active,remember_token,created_at,updated_at) VALUES (39,'Leonardo','rindusiahaan9@gmail.com','85359165323',NULL,'$2y$10$Gcv45Cao8DXk4tT7Kw9vHOTrXx49EHBN5dyZZYbBIZnT6dfyv7uTy',NULL,'admin',1,NULL,'2022-09-24','2022-09-24');
INSERT INTO users(id,name,email,phone,email_verified_at,password,photo,role,is_active,remember_token,created_at,updated_at) VALUES (40,'jansen','jansengurning1234@gmail.com','82168498056',NULL,'$2y$10$Z3xmzAhswwCsrTj65hoiMOmDOZu.n70PsNf465eFLaeXBtn3EcVfu',NULL,'admin',1,NULL,'2022-09-24','2022-09-24');
INSERT INTO users(id,name,email,phone,email_verified_at,password,photo,role,is_active,remember_token,created_at,updated_at) VALUES (41,'maruli tua simanjuntak','maruli123@gmail.com','8126482728',NULL,'$2y$10$6olzpniFj4TRmzhmyEr4IuxNahI9FtBYLoLH3eAqY4dIXs5o4u3bm',NULL,'admin',1,NULL,'2022-09-24','2022-09-24');
INSERT INTO users(id,name,email,phone,email_verified_at,password,photo,role,is_active,remember_token,created_at,updated_at) VALUES (42,'Bonar Simarmata','bonarsmrta78@gmail.com','82168113804',NULL,'$2y$10$QyZ3EJA94JSgmfznSu3aO.tKT.M.5prvk885qBwj6ANc5PrhKL3.C',NULL,'admin',1,NULL,'2022-09-24','2022-09-24');
INSERT INTO users(id,name,email,phone,email_verified_at,password,photo,role,is_active,remember_token,created_at,updated_at) VALUES (43,'susi hutasoit','susi.hutasoit@gmail.com','81263997297',NULL,'$2y$10$LuqaLSGDu9XeJL59uPt0WuuhhjsB/jNB9c0OhhCrmGBbOzKyLKqzC',NULL,'admin',1,NULL,'2022-09-24','2022-09-24');
INSERT INTO users(id,name,email,phone,email_verified_at,password,photo,role,is_active,remember_token,created_at,updated_at) VALUES (44,'Antoni Rajasa Saragih','lamhotlamhotdamanik@gmail.com','82275825765',NULL,'$2y$10$.K6WUdInXTKaag3zHVjtI.c43iSBOpn7IOt8qz4NWc4xu9SwMCV66',NULL,'admin',1,NULL,'2022-09-24','2022-09-24');
INSERT INTO users(id,name,email,phone,email_verified_at,password,photo,role,is_active,remember_token,created_at,updated_at) VALUES (45,'Anggiat maruba P. sihite','anggiat@406gmail.com','83198501579',NULL,'$2y$10$Ru/21JgaWqP9323pamU3vOiS2qUx3ABK7nlZykOpOglCGA7cAaGnu',NULL,'admin',1,NULL,'2022-09-24','2022-09-24');
INSERT INTO users(id,name,email,phone,email_verified_at,password,photo,role,is_active,remember_token,created_at,updated_at) VALUES (46,'christopel','christopelsipayung@gmail.com','85261377855',NULL,'$2y$10$8.xFDH43J4M6me3kvbfRD.I/5HrdRnYMi7nksnaYlD75uaxodxuFS',NULL,'admin',1,NULL,'2022-09-24','2022-09-24');
INSERT INTO users(id,name,email,phone,email_verified_at,password,photo,role,is_active,remember_token,created_at,updated_at) VALUES (47,'Eduard napitupulu','edwardnapitupulu823@gmail.com','81362406101',NULL,'$2y$10$xYwP2TRNpKasU35mx8iAFuNkBVJyfEKqKDfyaaWI6TXxIEtho2HXm',NULL,'admin',1,NULL,'2022-09-24','2022-09-24');
INSERT INTO users(id,name,email,phone,email_verified_at,password,photo,role,is_active,remember_token,created_at,updated_at) VALUES (48,'lili widiarti','liliwidiarti1990@gmail.com','81260839083',NULL,'$2y$10$Yp4UWFk8414PVTP67rD2OuKLmN2V184gJ6cto3BS5xV/AAeVQYjmS',NULL,'admin',1,NULL,'2022-09-24','2022-09-24');
INSERT INTO users(id,name,email,phone,email_verified_at,password,photo,role,is_active,remember_token,created_at,updated_at) VALUES (49,'Mike Wijaya Sinaga','mikesinaga17@gmail.com','81269599333',NULL,'$2y$10$BXJnnWdJa9WPiiltPGVfSu2stOFumA.dEpiwA0f.QskM8gf8ZIkse',NULL,'admin',1,NULL,'2022-09-24','2022-09-24');
INSERT INTO users(id,name,email,phone,email_verified_at,password,photo,role,is_active,remember_token,created_at,updated_at) VALUES (50,'Devi jusnita Damanik','devidamanik31@gmail.com','81534450467',NULL,'$2y$10$chrZcpk82/RH7Aoo3zVHYOsTvOTNIUBB6L7zHikEjv21nTvBN8BpG',NULL,'admin',1,NULL,'2022-09-24','2022-09-24');
INSERT INTO users(id,name,email,phone,email_verified_at,password,photo,role,is_active,remember_token,created_at,updated_at) VALUES (51,'Rohana sinaga','rohanasinaga2105@gmail.com','81375062221',NULL,'$2y$10$gZGq6FTS1l0tpMci6R49ielAuR/15zIBXveLjCiBhqH7C2R19V8iq',NULL,'admin',1,NULL,'2022-09-24','2022-09-24');
INSERT INTO users(id,name,email,phone,email_verified_at,password,photo,role,is_active,remember_token,created_at,updated_at) VALUES (52,'roygen sirait','roygensurait@gmail.com','81364777764',NULL,'$2y$10$deDnstBNBQn5gFRQSNc7r.nd/6z48SQnQxkwaExazBm5dc.Dayzgq',NULL,'admin',1,NULL,'2022-09-24','2022-09-24');
INSERT INTO users(id,name,email,phone,email_verified_at,password,photo,role,is_active,remember_token,created_at,updated_at) VALUES (53,'Rahimal K. Noor','rahimalk.noor@gmail.com','81361602983',NULL,'$2y$10$fkyVZfbmId.rb3mWqY2s.ukPVX/.L9vbLK7F1U1dihUwYfRGlcCUO',NULL,'admin',1,NULL,'2022-09-24','2022-09-24');
INSERT INTO users(id,name,email,phone,email_verified_at,password,photo,role,is_active,remember_token,created_at,updated_at) VALUES (54,'wisestry purba','wisestripurba14@gmail.com',NULL,NULL,'$2y$10$hZP24OfxEwz1gzWpUro9/e7UCwIXMEl.UwuibdlKH1Ikq1nN3gXIa',NULL,'admin',1,NULL,'2022-09-24','2022-09-24');
INSERT INTO users(id,name,email,phone,email_verified_at,password,photo,role,is_active,remember_token,created_at,updated_at) VALUES (55,'juliana sidabalok','liesasaragie14@gmail.com','81210065095',NULL,'$2y$10$jDnAN8n56fEym6Ui21WooOMLZR6CA4kdsMLi5xQ62gsH58QiWbKsW',NULL,'admin',1,NULL,'2022-09-24','2022-09-24');
INSERT INTO users(id,name,email,phone,email_verified_at,password,photo,role,is_active,remember_token,created_at,updated_at) VALUES (56,'LIBER Naibaho','libernaibaho1965@gmail.com','8126436751',NULL,'$2y$10$00tYwL1lJYomwP5mN.soqevEdQGcDryzyt5cJw8WvQt5MJiTcukdu',NULL,'admin',1,NULL,'2022-09-24','2022-09-24');
INSERT INTO users(id,name,email,phone,email_verified_at,password,photo,role,is_active,remember_token,created_at,updated_at) VALUES (57,'merry sinaga','merryrositasinaga@gmail.com','81279289191',NULL,'$2y$10$NUB0vnThtPu5SZhgvoXRPOuDHdvPLMlOIa28IijJUYPeMUTWAfs4S',NULL,'admin',1,NULL,'2022-09-24','2022-09-24');
INSERT INTO users(id,name,email,phone,email_verified_at,password,photo,role,is_active,remember_token,created_at,updated_at) VALUES (58,'emma sidabalok','sidabalokemma@gmail.com','81362019418',NULL,'$2y$10$SZ.dC0I1OOUclbjn3aptFOtyWI8OFOwSPijFd1a6SRA12UsY0hJz2',NULL,'admin',1,NULL,'2022-09-24','2022-09-24');
INSERT INTO users(id,name,email,phone,email_verified_at,password,photo,role,is_active,remember_token,created_at,updated_at) VALUES (59,'fuzi sholeha','fuzisholeha29@gmail.com','82289052550',NULL,'$2y$10$p586GBL5UGXvcFmQxTz8se9qIO0dy20PqrjXKX/g2UVLjJpvWQpMu',NULL,'admin',1,NULL,'2022-09-24','2022-09-24');
INSERT INTO users(id,name,email,phone,email_verified_at,password,photo,role,is_active,remember_token,created_at,updated_at) VALUES (60,'Edward','adward@gmail.com','81377125243',NULL,'$2y$10$Mush.6tDo3.BaMGfEyZ7MOCh4qcG7veQIjDBMdLejLfrc.sAJYhB2',NULL,'admin',1,NULL,'2022-09-24','2022-09-24');
INSERT INTO users(id,name,email,phone,email_verified_at,password,photo,role,is_active,remember_token,created_at,updated_at) VALUES (61,'Tri insani','insanitri96.tri@gmail.com','85762636583',NULL,'$2y$10$eKXGWFqcvHdq5dPpWxlyu.31By8ZWva1R6NaooBm15bvlsYYL29cK',NULL,'admin',1,NULL,'2022-09-24','2022-09-24');
INSERT INTO users(id,name,email,phone,email_verified_at,password,photo,role,is_active,remember_token,created_at,updated_at) VALUES (62,'Sondang Dermawan Nainggolan','sondangnainggolan@Yahoo.com.id','81361320850',NULL,'$2y$10$iR33a7t8iizgpSfAZ6M86.Fu4bIJxY31lySS2rSDOrwxNPJZC7alC',NULL,'admin',1,NULL,'2022-09-24','2022-09-24');
INSERT INTO users(id,name,email,phone,email_verified_at,password,photo,role,is_active,remember_token,created_at,updated_at) VALUES (63,'Helkia Gulo','ghelkia@gmail.com','85260531518',NULL,'$2y$10$SoBa/biFOSLslutZZWDHhespIXMpeKTK5Vn5mMzcgOGucbU2mMjV6',NULL,'admin',1,NULL,'2022-09-24','2022-09-24');
INSERT INTO users(id,name,email,phone,email_verified_at,password,photo,role,is_active,remember_token,created_at,updated_at) VALUES (64,'Ronald R M','manurungridu@gmail.com','87868559464',NULL,'$2y$10$IXga.EBy3DhGypm5PieGAurqwFVeqGnNPvbHjxnoul5Q4f5sTBVj.',NULL,'admin',1,NULL,'2022-09-24','2022-09-24');
INSERT INTO users(id,name,email,phone,email_verified_at,password,photo,role,is_active,remember_token,created_at,updated_at) VALUES (65,'deva','antoniojupiter322@gmail.com','81310867697',NULL,'$2y$10$S7lRKLBHgcIs6/DUMih78.JEQhiznjQgXN9.MZCb4UZ1udtWVSOO6',NULL,'admin',1,'194|fLXrwjLUak1Kt3UHMIWuFHgDhNd9tnENUl8eTg0B','2022-09-24','2022-09-24');
INSERT INTO users(id,name,email,phone,email_verified_at,password,photo,role,is_active,remember_token,created_at,updated_at) VALUES (66,'Feri','ndrahaferi@gmail.com','85276075316',NULL,'$2y$10$WLQ.7IUZRXlXZ4cEgA76AOJxHfnIs68P6OZVVrG9y16Mo1pVHwetG',NULL,'admin',1,NULL,'2022-09-24','2022-09-24');
INSERT INTO users(id,name,email,phone,email_verified_at,password,photo,role,is_active,remember_token,created_at,updated_at) VALUES (67,'Mei sitinjak','meisitinjak@gmail.com','81269793210',NULL,'$2y$10$7JKEBMGkBBImoxuKGwt2HuUZxPckVyns1J6pp.HAGKHFLdhYZtwb2',NULL,'admin',1,NULL,'2022-09-24','2022-09-24');
INSERT INTO users(id,name,email,phone,email_verified_at,password,photo,role,is_active,remember_token,created_at,updated_at) VALUES (68,'afin','afinsinaga21@gmail.con','82272340321',NULL,'$2y$10$DKVRxf1nnLSi5wjmWOopq.gskemm8OeGFG/JSWESIho1xcwWbjkjq',NULL,'admin',1,NULL,'2022-09-24','2022-09-24');
INSERT INTO users(id,name,email,phone,email_verified_at,password,photo,role,is_active,remember_token,created_at,updated_at) VALUES (69,'anni silitonga','annisilitonga@gmail.com','81265383805',NULL,'$2y$10$iwrZc0W/S4LPeDVQYFBCquy1iRBmiRcHJc08o201UUXX4VjeqZ8u6',NULL,'admin',1,NULL,'2022-09-24','2022-09-24');
INSERT INTO users(id,name,email,phone,email_verified_at,password,photo,role,is_active,remember_token,created_at,updated_at) VALUES (70,'zoufy abdurahman','zourules@gmail.com','8116181907',NULL,'$2y$10$wxy4MzRWIdCpGfCqvJ6DGeTBpE1L9rSjV8p4QRwTFVRHxKCp2wOXa',NULL,'admin',1,NULL,'2022-09-24','2022-09-24');
INSERT INTO users(id,name,email,phone,email_verified_at,password,photo,role,is_active,remember_token,created_at,updated_at) VALUES (71,'Romson Aritonang','romsonaritonang52@gmail.com','81361661549',NULL,'$2y$10$IvWNtb0GoB2lbBnG9lr14uRMGriM3y5R75dE1330n/UoMdiI2fgDK',NULL,'admin',1,NULL,'2022-09-24','2022-09-24');
INSERT INTO users(id,name,email,phone,email_verified_at,password,photo,role,is_active,remember_token,created_at,updated_at) VALUES (72,'lasmarita purba','lasmaritapurba@gmail.com','85276888312',NULL,'$2y$10$pgdx9QNmQ9.a6q3zM7kdMeUmZ4aWd50eppGgvbnnJZ51c9RBVsKxO',NULL,'admin',1,NULL,'2022-09-24','2022-09-24');
INSERT INTO users(id,name,email,phone,email_verified_at,password,photo,role,is_active,remember_token,created_at,updated_at) VALUES (73,'Merry Ladyana Sinaga','merrysinaga00690@gmail.com','81262955247',NULL,'$2y$10$p7xfmCRECYugccPkQGP9j.MlktN0bWu1If2.NTy7YiqfK/AabecVK',NULL,'admin',1,NULL,'2022-09-24','2022-09-24');
INSERT INTO users(id,name,email,phone,email_verified_at,password,photo,role,is_active,remember_token,created_at,updated_at) VALUES (74,'tavif wiradi','tavif90sm@gmail.com','81377194116',NULL,'$2y$10$CR5Gp4f/m3I1BFJV9PtL/eoX9qDNPAfa2dBcbpxQ8I08nZBvvEH1e',NULL,'admin',1,NULL,'2022-09-24','2022-09-24');
INSERT INTO users(id,name,email,phone,email_verified_at,password,photo,role,is_active,remember_token,created_at,updated_at) VALUES (75,'Marudut Hasanuddin Panggabean','mhasanuddinp@gmail.com','85276550866',NULL,'$2y$10$oYRjRKdiTKDYgoyRl1SV5.jkJLzl35Y5f3egzRDg1/kGp2zFVRqwK',NULL,'admin',1,NULL,'2022-09-24','2022-09-24');
INSERT INTO users(id,name,email,phone,email_verified_at,password,photo,role,is_active,remember_token,created_at,updated_at) VALUES (76,'Roulina Purba','roulinapurba@gmail.com','81376881628',NULL,'$2y$10$OVSQe6jbVxTPJ6PpeOV2k.gBvQJNE09QJL/Cj8Gmcji1wrFM3KyDm',NULL,'admin',1,NULL,'2022-09-24','2022-09-24');
INSERT INTO users(id,name,email,phone,email_verified_at,password,photo,role,is_active,remember_token,created_at,updated_at) VALUES (77,'robby','muhamad.robby18@gmail.com','81269344502',NULL,'$2y$10$wgdS71SvxpQ0fSSSQ75oT.7mzlw8m2zYcH.D1S/YuBQWe95Cnhqhi',NULL,'admin',1,NULL,'2022-09-24','2022-09-24');
INSERT INTO users(id,name,email,phone,email_verified_at,password,photo,role,is_active,remember_token,created_at,updated_at) VALUES (78,'Dika Wahyu','dikaw416@gmail.com','85960210119',NULL,'$2y$10$TIXHzJV.6EWo2L5fOnHeVOoGoFxfM49XfuDYg5MDqk43OcMZa1fYW',NULL,'admin',1,NULL,'2022-09-24','2022-09-24');
INSERT INTO users(id,name,email,phone,email_verified_at,password,photo,role,is_active,remember_token,created_at,updated_at) VALUES (79,'stevani regina','stevaniregina02@gmail.com','81265469316',NULL,'$2y$10$11cyRPgJCJEpM6A3lh8yaO9JHCeacg.AYNwtA2.W4FAzj9iuBuSHK',NULL,'admin',1,NULL,'2022-09-24','2022-09-24');
INSERT INTO users(id,name,email,phone,email_verified_at,password,photo,role,is_active,remember_token,created_at,updated_at) VALUES (80,'eko Hardiansyah','ekohardiansyah50@yahoo.co.id','81362791492',NULL,'$2y$10$s2E5he1iZRnQ/bHXDTOqNOXdU5nI5sa.yfILXP5YpYNOX6H2J/B.K',NULL,'admin',1,NULL,'2022-09-24','2022-09-24');
INSERT INTO users(id,name,email,phone,email_verified_at,password,photo,role,is_active,remember_token,created_at,updated_at) VALUES (81,'Rizkitua Putra Simbolon','Rizkituasimbolon26@gmail.com','81375016456',NULL,'$2y$10$wUFs8N6GU9iSUDeB9IfosuSViEDtrWAzsCxfgwBpHCDhVtN0g76HK',NULL,'admin',1,NULL,'2022-09-24','2022-09-24');
INSERT INTO users(id,name,email,phone,email_verified_at,password,photo,role,is_active,remember_token,created_at,updated_at) VALUES (82,'Eva sinaga','evasinaga2783@gmail.com','83893558910',NULL,'$2y$10$61QCykFMEc8O2b/HVKf9s.GXULC8zVCr7lvksvMzmYS3nvpzF3kNu',NULL,'admin',1,NULL,'2022-09-24','2022-09-24');
INSERT INTO users(id,name,email,phone,email_verified_at,password,photo,role,is_active,remember_token,created_at,updated_at) VALUES (83,'Riswan David','davidriswan15@gmail.com','81265246602',NULL,'$2y$10$g30UHNMo8onude8JpZEe8OcHnrY6bG2G9nQMmlGZHDK61jtaQgh9O',NULL,'admin',1,NULL,'2022-09-24','2022-09-24');
INSERT INTO users(id,name,email,phone,email_verified_at,password,photo,role,is_active,remember_token,created_at,updated_at) VALUES (84,'hilda vamelia','hildavamelia15@gmail.com','82267477293',NULL,'$2y$10$B3CNvyXc1DxoxOrlNHe2teH/Q9QF9Uf8poErafvAtkB50OutFNkti',NULL,'admin',1,NULL,'2022-09-24','2022-09-24');
INSERT INTO users(id,name,email,phone,email_verified_at,password,photo,role,is_active,remember_token,created_at,updated_at) VALUES (85,'Ivan Silalahi','081362766815alpa@gmail.com','83892167980',NULL,'$2y$10$UBEblmPpu3sH26Rjv3uf6.AbErc74.RJWwShWpSf2MtfgxB20f1kG',NULL,'admin',1,NULL,'2022-09-24','2022-09-24');
INSERT INTO users(id,name,email,phone,email_verified_at,password,photo,role,is_active,remember_token,created_at,updated_at) VALUES (86,'erwin dwi yosafat','erwinyosafat31@gmail.com','85358572895',NULL,'$2y$10$nna9n9yDZjQacNm1okH1VeEptHcRYkujEPCTRFTpieILVS1mHu2eu',NULL,'admin',1,NULL,'2022-09-24','2022-09-24');
INSERT INTO users(id,name,email,phone,email_verified_at,password,photo,role,is_active,remember_token,created_at,updated_at) VALUES (87,'dearma','Siraitboru35@gmail.com','82165032196',NULL,'$2y$10$AKeqIVwHyIdmbUD/taeY0exguqIqxk5zsThsoNyfUWcwNVRK2g6fe',NULL,'admin',1,'217|Vo3huGto7Nk9DVKyl1BIghtO65ndAgXUwF7O16Yr','2022-09-24','2022-09-24');
INSERT INTO users(id,name,email,phone,email_verified_at,password,photo,role,is_active,remember_token,created_at,updated_at) VALUES (88,'Nova tresya silalahi','silalahinova837@gmail.com','81371962413',NULL,'$2y$10$yiQwyBm2.aX.s/RX1OsksuG3fFK.MjIFFfXa6hF31y8VF3tliJ1Se',NULL,'admin',1,NULL,'2022-09-24','2022-09-24');
INSERT INTO users(id,name,email,phone,email_verified_at,password,photo,role,is_active,remember_token,created_at,updated_at) VALUES (89,'melva siagian','melvasiagian.1208@gmailcom','82274667219',NULL,'$2y$10$vpRjyM2jvb79FmD2JN27Y.BN0mCWm/HFaLpZiVvHp734dWJJ63R4.',NULL,'admin',1,NULL,'2022-09-24','2022-09-24');
INSERT INTO users(id,name,email,phone,email_verified_at,password,photo,role,is_active,remember_token,created_at,updated_at) VALUES (90,'Anisa','alvionitaanisa90@gmail.com','87774709563',NULL,'$2y$10$/usLbba/P1DQL678IGPkJOvgq1.2a.PVnybLCeCPPwWVV8Rw3tMKq',NULL,'admin',1,NULL,'2022-09-24','2022-09-24');
INSERT INTO users(id,name,email,phone,email_verified_at,password,photo,role,is_active,remember_token,created_at,updated_at) VALUES (91,'Hasudungan Purba Siboro','hasudunganpurbasiboro@gmail.com',NULL,NULL,'$2y$10$vezMslBK8DGL4jSrIvnMu.ulK1wiguBktfTAkqtHTRNUyASMbOwpG',NULL,'admin',1,NULL,'2022-09-25','2022-09-25');
INSERT INTO users(id,name,email,phone,email_verified_at,password,photo,role,is_active,remember_token,created_at,updated_at) VALUES (92,'fikri damanik','fikridamanik4@gmail.com','85265740920',NULL,'$2y$10$tSgii.SaHm7kyiPg9BA.NOqZq9UhAHqRfRoCHuUkVi3SdOPUukk7K',NULL,'admin',1,'483|j5r4Ioh2mTvIBr04YJmKnV4ryosnee9tpNqNuXLs','2022-09-26','2023-07-23');
INSERT INTO users(id,name,email,phone,email_verified_at,password,photo,role,is_active,remember_token,created_at,updated_at) VALUES (93,'Lambok. Damanik','Lambokdamanik15@gmail.com','82387143495',NULL,'$2y$10$YfR2Df2Vw6Z.uRkElNMLWup/fJjasIScZwFo0sPHebedYQy/nGJv2',NULL,'admin',1,NULL,'2022-09-27','2022-09-27');
INSERT INTO users(id,name,email,phone,email_verified_at,password,photo,role,is_active,remember_token,created_at,updated_at) VALUES (94,'Eliestar sinaga','eliestarsinaga@gmail.com','85805803150',NULL,'$2y$10$e2MkYa8aZnUgH9QbigsAE.zVrNMcbzBH8vcFf11WF5HstdCcP8.Pm',NULL,'admin',1,NULL,'2022-10-10','2022-10-10');
INSERT INTO users(id,name,email,phone,email_verified_at,password,photo,role,is_active,remember_token,created_at,updated_at) VALUES (95,'lili','liliwidiarti123@gmail.com','81262554640',NULL,'$2y$10$HCGTRyLW3wzSisq8ReqUIOXBAr2mkNCC0y/9osnKoZywZtoWQbtcG',NULL,'admin',1,NULL,'2022-10-11','2022-10-11');
INSERT INTO users(id,name,email,phone,email_verified_at,password,photo,role,is_active,remember_token,created_at,updated_at) VALUES (96,'testtest','test.test@mail.com','81212122323',NULL,'$2y$10$YpoyrkSRf0fJJextFCL.GeUqjp9nHqRS3XNIM78MCCZTIX95skLLu',NULL,'admin',1,'Uhe9WQoywx2aI9r0cwDTPD86pfV9qUcHCk7SaEA09q7A8ZUIMdb0P8vyvHuT','2022-10-11','2022-10-11');
INSERT INTO users(id,name,email,phone,email_verified_at,password,photo,role,is_active,remember_token,created_at,updated_at) VALUES (97,'yohana sipayung','y936363@gmail.com','83803821002',NULL,'$2y$10$Dl.D1TbUsY0E397uDh/92.gdDpzpTvTGh37swK3giRf9gPbe4T2Ya',NULL,'admin',1,NULL,'2022-10-13','2022-10-13');
INSERT INTO users(id,name,email,phone,email_verified_at,password,photo,role,is_active,remember_token,created_at,updated_at) VALUES (99,'Deddy Saragih','deddychristy@gmail.com','8116216989',NULL,'$2y$10$d5j1btISsb7yE4QBZm0wQec4irorzPRktjxE7.EvIIq2pQqDXrR8C',NULL,'admin',1,'7Eg8zOTSrnxhUdmKcuFg21GQalESG97NrQACWTgCnrDeiRxBClRDdDXOpMdv','2022-10-13','2022-10-13');
INSERT INTO users(id,name,email,phone,email_verified_at,password,photo,role,is_active,remember_token,created_at,updated_at) VALUES (100,'rinaldi','rinaldiwaaw91@gmail.com','82285012386',NULL,'$2y$10$92IXUNpkjO0rOQ5byMi.Ye4oKoEa3Ro9llC/.og/at2.uheWG/igi',NULL,'admin',1,'433|1UPI0vDEydKjnV6JhZFJ2DArsdzt8JBDb90rKqG8','2022-10-17','2023-06-16');
INSERT INTO users(id,name,email,phone,email_verified_at,password,photo,role,is_active,remember_token,created_at,updated_at) VALUES (101,'Grace','garceyohanasimanjuntak@gmail.com','81263826701',NULL,'$2y$10$JQArd.k823yzP2d7L1uxM.y8p6pv749a1SZfo5uGikAWFH2OqxgNe',NULL,'admin',1,NULL,'2022-10-18','2022-10-18');
INSERT INTO users(id,name,email,phone,email_verified_at,password,photo,role,is_active,remember_token,created_at,updated_at) VALUES (102,'Frida Ningsih','fridaningsih123@gmail.com','81375018003',NULL,'$2y$10$sg65M1GQUGjn6kjzJ0J5NuS7GYkxa6drD7OSaljZqzRBOlQmYM6ie',NULL,'admin',1,NULL,'2022-10-19','2022-10-19');
INSERT INTO users(id,name,email,phone,email_verified_at,password,photo,role,is_active,remember_token,created_at,updated_at) VALUES (103,'Budi Susilawati Sirait','budiswsirait@gmail.com','81396892599',NULL,'$2y$10$Zb2lQQkHxVmswMif9r1lXO5R14DAH3LxN7GY2J7DWV33mdsc/prfu',NULL,'admin',1,NULL,'2022-10-19','2022-10-19');
INSERT INTO users(id,name,email,phone,email_verified_at,password,photo,role,is_active,remember_token,created_at,updated_at) VALUES (104,'Diah','diahpangesti679@gmail.com','82273691137',NULL,'$2y$10$aY78GQkK4pgelfXOXwUutuT3../.gOPo673fTQktLN.t03Ihx4j52',NULL,'admin',1,NULL,'2022-10-19','2022-10-19');
INSERT INTO users(id,name,email,phone,email_verified_at,password,photo,role,is_active,remember_token,created_at,updated_at) VALUES (105,'hilde saragih','hildesrgh@gmail.com','81375122860',NULL,'$2y$10$RnWTPmPA/tj1FhewaSfsGOl7NtpPoItVDaGwCox0xDMnICbs16afK',NULL,'admin',1,NULL,'2022-10-19','2022-10-19');
INSERT INTO users(id,name,email,phone,email_verified_at,password,photo,role,is_active,remember_token,created_at,updated_at) VALUES (106,'mewariska gultom','tujuh_anakemas@yahoo.com','81396076304',NULL,'$2y$10$JCsdoZrG0oo9mBgH3HPJ.OwNHkAHd3QQKzq0yIHceuze1sxhx2ZLa',NULL,'admin',1,NULL,'2022-10-19','2022-10-19');
INSERT INTO users(id,name,email,phone,email_verified_at,password,photo,role,is_active,remember_token,created_at,updated_at) VALUES (107,'Rian','rian@gmail.com','852369741',NULL,'$2y$10$nCLKEBQdbYqKJV.UBQdXmeAGSGVBQ9A/3hVdCnbdN8aXhjMr2yH6i',NULL,'admin',1,NULL,'2022-10-20','2022-10-20');
INSERT INTO users(id,name,email,phone,email_verified_at,password,photo,role,is_active,remember_token,created_at,updated_at) VALUES (108,'Harianto Sinaga','hariantosinaga@gmail.com','81703212567',NULL,'$2y$10$fn02cKc2zqlQpSmMW/fyQeNco8U7bFf2gFWmCxZfMUixiLvuv0KAa',NULL,'admin',1,NULL,'2022-10-20','2022-10-20');
INSERT INTO users(id,name,email,phone,email_verified_at,password,photo,role,is_active,remember_token,created_at,updated_at) VALUES (109,'Lasmaria situmorang','lasmariasitumorang222@gmail.com','82165583288',NULL,'$2y$10$PJig9f5x2E7GBbk58sYwFeBXgpe615Y/tbecJ/EQB8Hmhybfx2UhW',NULL,'admin',1,NULL,'2022-10-21','2022-10-21');
INSERT INTO users(id,name,email,phone,email_verified_at,password,photo,role,is_active,remember_token,created_at,updated_at) VALUES (110,'Hotman sagar','abemaeh@gmail.com','81265578825',NULL,'$2y$10$VfCQ9OMpp1Lo5p6AGauOZOVX7tPP0pYt2QlSrfidfYHSoG8pd8kO6',NULL,'admin',1,NULL,'2022-10-22','2022-10-22');
INSERT INTO users(id,name,email,phone,email_verified_at,password,photo,role,is_active,remember_token,created_at,updated_at) VALUES (111,'arnol banjar nahor sh','arnolbanjarnahorsh@gmail.com','81370321909',NULL,'$2y$10$M4Uc4JTCKu5pW8eGczTOR.828uwJvTqHne.OpbbUKhUN0T/9xs13.',NULL,'admin',1,NULL,'2022-10-22','2022-10-22');
INSERT INTO users(id,name,email,phone,email_verified_at,password,photo,role,is_active,remember_token,created_at,updated_at) VALUES (113,'anton damanik','ardianta_damanik@yahoo.co.id','8116219229',NULL,'$2y$10$PquA7MRkvIeaOUYdiPexluNX7BqbVodOZWaPPwox6i1vUSKcXPqO6',NULL,'admin',1,NULL,'2022-10-23','2022-10-23');
INSERT INTO users(id,name,email,phone,email_verified_at,password,photo,role,is_active,remember_token,created_at,updated_at) VALUES (114,'zulpanuddin','zulpandalimunthe84@gmail.com','82267075550',NULL,'$2y$10$hO7ttiqplLxrdRUXdLqbWeMmFD2jKUxND4mBYwBAnGZrtU9Qqw.qK',NULL,'admin',1,NULL,'2022-10-25','2022-10-25');
INSERT INTO users(id,name,email,phone,email_verified_at,password,photo,role,is_active,remember_token,created_at,updated_at) VALUES (115,'samprayudi','yudivivo856@gmail.com','82168499068',NULL,'$2y$10$t5VTLbTP.cpBj.nXgvkwFuAlaySI4Mxr7NI1Dsfm16A/XM8ZjjmxW',NULL,'admin',1,NULL,'2022-10-25','2022-10-25');
INSERT INTO users(id,name,email,phone,email_verified_at,password,photo,role,is_active,remember_token,created_at,updated_at) VALUES (116,'EDI SAMSURI','nagorikasindir2@gmail.com','85359148996',NULL,'$2y$10$/.lPQ5uVIrNewOJHK5v1ruZL8rcW3TmHNJlVlTToYVbN8l8/lv3dm',NULL,'admin',1,NULL,'2022-10-25','2022-10-25');
INSERT INTO users(id,name,email,phone,email_verified_at,password,photo,role,is_active,remember_token,created_at,updated_at) VALUES (117,'Anggi Andrian','anggiandrian07@gmail.com','81363609552',NULL,'$2y$10$uojJkQhr5nH749Msni.Vo.ue97DdPXT8ae/.rnW7wiWoG2ior.C7e',NULL,'admin',1,NULL,'2022-10-28','2022-10-28');
INSERT INTO users(id,name,email,phone,email_verified_at,password,photo,role,is_active,remember_token,created_at,updated_at) VALUES (118,'Vermata','vermatasaragi35433@gmail.com','82210225086',NULL,'$2y$10$dS1lMjFkEFTpmXrLMIO2EeNPvwj/vwqG64WVDSWmyxYxLKYhfTjVm',NULL,'admin',1,NULL,'2022-10-28','2022-10-28');
INSERT INTO users(id,name,email,phone,email_verified_at,password,photo,role,is_active,remember_token,created_at,updated_at) VALUES (119,'dahliliya','dahliliya2003@gmail.com','82285298491',NULL,'$2y$10$ONV2iWYQKoO7BjBQzjj6cOqbqFX/CHW3RjVvR9HFncqcd/2FG/ghO',NULL,'admin',1,NULL,'2022-10-28','2022-10-28');
INSERT INTO users(id,name,email,phone,email_verified_at,password,photo,role,is_active,remember_token,created_at,updated_at) VALUES (120,'Henny sinaga','yanmarthenny79@gmail.com','82281022445',NULL,'$2y$10$x/qaDpJRfZvZ.VV90kyobuFwAf0Rz4hEGDoGD6pxoZqf/oB059Hwy',NULL,'admin',1,NULL,'2022-10-28','2022-10-28');
INSERT INTO users(id,name,email,phone,email_verified_at,password,photo,role,is_active,remember_token,created_at,updated_at) VALUES (121,'arnold togar sitio','arnoldtogarsitiositio@gmail.com','81387233928',NULL,'$2y$10$mAaVsoOBVxE3KZUwmyH.cuquNOf96q9ImKtfSwAoP/lo1BVjFDfmS',NULL,'admin',1,NULL,'2022-10-28','2022-10-28');
INSERT INTO users(id,name,email,phone,email_verified_at,password,photo,role,is_active,remember_token,created_at,updated_at) VALUES (122,'J. Siallagan','cv.ratanjaya@gmail.com','81369031532',NULL,'$2y$10$f4LgHr3eciSFtMLR.EekOeW7pd3o36yJhrYBdDBgo2qNTbaNggoga',NULL,'admin',1,NULL,'2022-10-28','2022-10-28');
INSERT INTO users(id,name,email,phone,email_verified_at,password,photo,role,is_active,remember_token,created_at,updated_at) VALUES (123,'Fikri Ihsan Mingka','fikriichan12@gmail.com','81280571650',NULL,'$2y$10$hFQvLX./vEIol0t7C3dk2OTAFlufp8xyU.ymPXTbS3Ug/Y232m1zu',NULL,'admin',1,NULL,'2022-10-28','2022-10-28');
INSERT INTO users(id,name,email,phone,email_verified_at,password,photo,role,is_active,remember_token,created_at,updated_at) VALUES (124,'Sri Marbun','marbunsri165@gmail.com','6285222877173',NULL,'$2y$10$vb.2867Va33KKe/0qLrk3.EdunUWJnqgZZL3vHfCMSjS67ca5a/76',NULL,'admin',1,'329|XDiKmujG2HmFQ1ZAY5u6AwSO5TTYTYYWYOx2XbEG','2022-10-28','2022-10-28');
INSERT INTO users(id,name,email,phone,email_verified_at,password,photo,role,is_active,remember_token,created_at,updated_at) VALUES (125,'danil','daniljafaelbangun@gmail.com','85664049570',NULL,'$2y$10$nnBXIRT1Q.bPJPvA.eAZMOOPZbIoEhFG68iOQXb2.LmNIKjQ6iAkW',NULL,'admin',1,NULL,'2022-10-28','2022-10-28');
INSERT INTO users(id,name,email,phone,email_verified_at,password,photo,role,is_active,remember_token,created_at,updated_at) VALUES (126,'iffaresiaa','Iffasinulingga@gmail.com','83110977340',NULL,'$2y$10$vmzaD.OZEdaVooSUZgktM.7Bd6DQLAOUcpmuYYkXt.uiDSXISsvSy',NULL,'admin',1,NULL,'2022-10-28','2022-10-28');
INSERT INTO users(id,name,email,phone,email_verified_at,password,photo,role,is_active,remember_token,created_at,updated_at) VALUES (127,'Yosua purba','purbayosua47@gmail.com','85261912265',NULL,'$2y$10$eFZzTybk6897MXGRLzEmoO2T6g/vZRmGGrJRoPhevVjYpSVm1j2HC',NULL,'admin',1,NULL,'2022-10-28','2022-10-28');
INSERT INTO users(id,name,email,phone,email_verified_at,password,photo,role,is_active,remember_token,created_at,updated_at) VALUES (128,'Reynaldi','channel756804@gmail.com','81261703313',NULL,'$2y$10$2MDinBfvo60E0DsmvEQIkeEngUiGBQFjFRYLyM8AhSLtSXNl7823i',NULL,'admin',1,NULL,'2022-10-28','2022-10-28');
INSERT INTO users(id,name,email,phone,email_verified_at,password,photo,role,is_active,remember_token,created_at,updated_at) VALUES (129,'Juan','juanftg10@gmail.com','81270265902',NULL,'$2y$10$ihpxFsIEwNFclCDMMe3jlO7y8642Z/3ph6nqZc94Y5jjVzMphYHUa',NULL,'admin',1,NULL,'2022-10-28','2022-10-28');
INSERT INTO users(id,name,email,phone,email_verified_at,password,photo,role,is_active,remember_token,created_at,updated_at) VALUES (130,'eby','ebbykaban04@sma.belajar.id','81263945546',NULL,'$2y$10$zneyCjxzi2Vs.oxt.p8nXeHuYT27bGtvGrByYTws.08yh8n.HLrlC',NULL,'admin',1,NULL,'2022-10-28','2022-10-28');
INSERT INTO users(id,name,email,phone,email_verified_at,password,photo,role,is_active,remember_token,created_at,updated_at) VALUES (131,'Steven','stevensinaga730@gmail.com','81260888695',NULL,'$2y$10$jRQr9cVMFemGGglZw1Rx0.b5skD67oAAcCLqIzb5DLAI4z2z8jZhe',NULL,'admin',1,NULL,'2022-10-28','2022-10-28');
INSERT INTO users(id,name,email,phone,email_verified_at,password,photo,role,is_active,remember_token,created_at,updated_at) VALUES (132,'seppran sihaloho','stokakunloh@gmail.com','89687798592',NULL,'$2y$10$PpM17H0RsRqJrQEt7N7lQOawXtioZbkmMH1NeegEZku1jhceWVTjS',NULL,'admin',1,NULL,'2022-10-30','2022-10-30');
INSERT INTO users(id,name,email,phone,email_verified_at,password,photo,role,is_active,remember_token,created_at,updated_at) VALUES (133,'Merry Cristina Hia','hiamerry@gmail.com','82162107880',NULL,'$2y$10$2lveYA3sW8waIwNLpwhUZOhuVVzWgydAuppWuDCyQrvdMO/rJjfxS',NULL,'admin',1,NULL,'2022-11-05','2022-11-05');
INSERT INTO users(id,name,email,phone,email_verified_at,password,photo,role,is_active,remember_token,created_at,updated_at) VALUES (134,'jumaidi sinaga','jumaidisinaga.1010@gmail.com','81361603050',NULL,'$2y$10$uzse/L2XzVFcBIadqPZeUeSFxGl05lNEr1bxBP0BVwAKYieipTHqK',NULL,'admin',1,NULL,'2022-11-05','2022-11-05');
INSERT INTO users(id,name,email,phone,email_verified_at,password,photo,role,is_active,remember_token,created_at,updated_at) VALUES (135,'rusbinarso sabani','banie.hoshi11@gmail.com','82360928407',NULL,'$2y$10$Phen59ZaxyaAKehbaE8bLu.iwaWz8CmUwjRzjdjcrAEyB0OA5yYb2',NULL,'admin',1,NULL,'2022-11-05','2022-11-05');
INSERT INTO users(id,name,email,phone,email_verified_at,password,photo,role,is_active,remember_token,created_at,updated_at) VALUES (136,'kanson limbong','limbongalvino@gmail.com','81370011978',NULL,'$2y$10$rqJECxialWtrFltNivQHwOBw1kDMuDQyYdfMj112ZMte0bIUABmOm',NULL,'admin',1,NULL,'2022-11-07','2022-11-07');
INSERT INTO users(id,name,email,phone,email_verified_at,password,photo,role,is_active,remember_token,created_at,updated_at) VALUES (137,'Ramadhani Purba','ramadhanipurba97@gmail.com','82166642811',NULL,'$2y$10$xKaqq8J2sM0v6sCwP4Te/ehE3VJ3nuuKV8tJ9gK/U6U2INiI4hxi.',NULL,'admin',1,NULL,'2022-11-12','2022-11-12');
INSERT INTO users(id,name,email,phone,email_verified_at,password,photo,role,is_active,remember_token,created_at,updated_at) VALUES (138,'SUDIONO','usisudiono@gmail.com','85360282133',NULL,'$2y$10$JiDAIjCNKD8klqmCQ1PO1uyv.G92vTlkD/9GIPa7DmouBbYmhZYqS',NULL,'admin',1,NULL,'2022-11-25','2022-11-25');
INSERT INTO users(id,name,email,phone,email_verified_at,password,photo,role,is_active,remember_token,created_at,updated_at) VALUES (139,'NURBAITI S DEWI','sartikadewinurbaiti@gmail.com','81362793674',NULL,'$2y$10$0xmrhOQguj2EAK2G/W5z1uUY5Ay1DMzb4i2pTHx/3/jNQnCdWpV7i',NULL,'admin',1,NULL,'2022-11-25','2022-11-25');
INSERT INTO users(id,name,email,phone,email_verified_at,password,photo,role,is_active,remember_token,created_at,updated_at) VALUES (140,'juadi','juadi2404@gmail.com','81362774554',NULL,'$2y$10$YPSvq3p2IwtfqHRJnaxX2.iXFNOwhddvkx4xPl7V/gIbwNyipJuAC',NULL,'admin',1,NULL,'2022-11-25','2022-11-25');
INSERT INTO users(id,name,email,phone,email_verified_at,password,photo,role,is_active,remember_token,created_at,updated_at) VALUES (141,'Fajar hidayat','fajarhidayat011@gmail.com','85270532220',NULL,'$2y$10$spSX8szJsF5BgWm4lTkVSOTxqfqSSYvxbrQhEYq/QnOTJ4ZMeWwym',NULL,'admin',1,NULL,'2022-11-26','2022-11-26');
INSERT INTO users(id,name,email,phone,email_verified_at,password,photo,role,is_active,remember_token,created_at,updated_at) VALUES (142,'Reni girsang','girsangreni2@gmail.com','82316693820',NULL,'$2y$10$FuDv0eFvhSP3.M.wCKiqJuPyLVtPZ9YBPSuKe8SPrvDFaf7KtfpkS',NULL,'admin',1,'351|ZLlgzsWCvasopAtgEjqNn6jukcfnq6IRJvK1EefE','2022-11-29','2022-11-29');
INSERT INTO users(id,name,email,phone,email_verified_at,password,photo,role,is_active,remember_token,created_at,updated_at) VALUES (143,'joan','joansinaga15@gmail.com','82288644559',NULL,'$2y$10$5eFvNqZWri9nGTlphtkVWOeKYlGzP7R54rOYAfAWKyosUxjeJsXlW',NULL,'admin',1,NULL,'2022-11-29','2022-11-29');
INSERT INTO users(id,name,email,phone,email_verified_at,password,photo,role,is_active,remember_token,created_at,updated_at) VALUES (144,'PMDS','palasilaban@gmail.com','82161978750',NULL,'$2y$10$5DKFjSIM8ORAaYnzU.OU2.7a2i.ke5.S08YWvhflg0rru8J8pWrf2',NULL,'admin',1,NULL,'2022-11-30','2022-11-30');
INSERT INTO users(id,name,email,phone,email_verified_at,password,photo,role,is_active,remember_token,created_at,updated_at) VALUES (145,'Nur Aziz','aziznur1997@gmail.com','82370959486',NULL,'$2y$10$GTK96twjcC.DGz4q.M6m0eRup6xXyTvLO5plbyDJyFbcytrV8g4EO',NULL,'admin',1,NULL,'2022-12-04','2022-12-04');
INSERT INTO users(id,name,email,phone,email_verified_at,password,photo,role,is_active,remember_token,created_at,updated_at) VALUES (146,'tennik siadari','tenniksiadari95@gmail.com','82365166906',NULL,'$2y$10$AxalSOFsC4yv9WR4jWsupu1PK7EWuV5lTbUm1Da2GhiuLWUCOIRpe',NULL,'admin',1,NULL,'2022-12-05','2022-12-05');
INSERT INTO users(id,name,email,phone,email_verified_at,password,photo,role,is_active,remember_token,created_at,updated_at) VALUES (147,'Demson Bakkara','demsonbakkara@gmail.com','81287730183',NULL,'$2y$10$k2cY7gp0DUY5F52lnvPuf.cY9aJj5zX31SAy86AM.GzSh4G0FoGnW',NULL,'admin',1,NULL,'2022-12-05','2022-12-05');
INSERT INTO users(id,name,email,phone,email_verified_at,password,photo,role,is_active,remember_token,created_at,updated_at) VALUES (148,'Odor Pita Sitanggang','pitasitanggang42@gmail.com','81264406361',NULL,'$2y$10$8mwxnrsXGlZmLAN.kU7XhOjdJT41oeb5A8l/U9G7zcmjnW3xWjmWO',NULL,'admin',1,NULL,'2022-12-05','2022-12-05');
INSERT INTO users(id,name,email,phone,email_verified_at,password,photo,role,is_active,remember_token,created_at,updated_at) VALUES (149,'Martua Harasaol P Hutapea','okalaubegitu@gmail.com','81376338334',NULL,'$2y$10$CAhXzacGqy4ZHXcXnw825.z9/Q2glSmq9ZVFsPi5hifsjjQE0W462',NULL,'admin',1,'474|cet97xnP7sAkztj8uX7i0dP5b6UoVh4Bfa28ptzt','2022-12-05','2023-07-11');
INSERT INTO users(id,name,email,phone,email_verified_at,password,photo,role,is_active,remember_token,created_at,updated_at) VALUES (150,'Junari','samuelsinaga262@gmaiomcom','8263789121',NULL,'$2y$10$jMh9xQSdIZLXCyrxKhUCFuBzQlHGx0kXpzKyB5CxrrMIZLj7xGtnK',NULL,'admin',1,NULL,'2022-12-05','2022-12-05');
INSERT INTO users(id,name,email,phone,email_verified_at,password,photo,role,is_active,remember_token,created_at,updated_at) VALUES (151,'Junedi','ijunpanji@gmail.com','81361660899',NULL,'$2y$10$HiF0ZzY6PcaefOS/eWJ7Fu0TKggwbUmtEa9GiWyc6odNo1OmmJpvG',NULL,'admin',1,NULL,'2022-12-05','2022-12-05');
INSERT INTO users(id,name,email,phone,email_verified_at,password,photo,role,is_active,remember_token,created_at,updated_at) VALUES (152,'idian jonathan sitanggang','idiansitanggang02@gmail.com','82160948668',NULL,'$2y$10$fXd33FBfRbC1EvnnwnuLX..C1EAEhV9pDQrrEi9600zUM2hCNnr0y',NULL,'admin',1,NULL,'2022-12-05','2022-12-05');
INSERT INTO users(id,name,email,phone,email_verified_at,password,photo,role,is_active,remember_token,created_at,updated_at) VALUES (153,'Michael Sinaga','sinagamichael0909@gmail.com','85926990247',NULL,'$2y$10$RMDakspZ4I7uf1dwDhpCiuQMHkITzTecqqmBZ3/dRmoMglUoHYnHu',NULL,'admin',1,NULL,'2022-12-05','2022-12-05');
INSERT INTO users(id,name,email,phone,email_verified_at,password,photo,role,is_active,remember_token,created_at,updated_at) VALUES (154,'bayu','bayuprasetia77@gmail.com','82161031642',NULL,'$2y$10$4RqH2V7ITmWJy.8ySZ4Nuu8MCc81BME63OPUnde54VBHEIi3ogrBe',NULL,'admin',1,NULL,'2022-12-05','2022-12-05');
INSERT INTO users(id,name,email,phone,email_verified_at,password,photo,role,is_active,remember_token,created_at,updated_at) VALUES (155,'Jan Pieter Sitorus','janpietersitorus@gmail.com','8223576121',NULL,'$2y$10$X4cuu.cNWebqhdzhDbU2aerVulcwA2D3hgij5lXxPQ1XxRe.8pTY6',NULL,'admin',1,NULL,'2022-12-05','2022-12-05');
INSERT INTO users(id,name,email,phone,email_verified_at,password,photo,role,is_active,remember_token,created_at,updated_at) VALUES (156,'j harjono','jharjono2107@gmail.com','87719672107',NULL,'$2y$10$qToW1vH5Zo3DONtWBRRFHO76IuKJRIGw/uBYgoVJwAnbvOKozjfCO',NULL,'admin',1,NULL,'2022-12-08','2022-12-08');
INSERT INTO users(id,name,email,phone,email_verified_at,password,photo,role,is_active,remember_token,created_at,updated_at) VALUES (157,'Graceita','gracegreen0099@gmail.com','82294189510',NULL,'$2y$10$.knufOiCAGlTRY/bfbDZK.S/6kYPhnL5jB3L1njHANhoxi8ef/KcK',NULL,'admin',1,'418|IuHfzwqQDniUNi8g7XV8iPXKlSk7HeWPDRmVgvXv','2022-12-11','2023-04-22');
INSERT INTO users(id,name,email,phone,email_verified_at,password,photo,role,is_active,remember_token,created_at,updated_at) VALUES (158,'Asri','asrihandayani1281@gmail.com','81261036954',NULL,'$2y$10$wWGPOAXzul7w0CncH4mhfu2rt4cGfMpvUZkfdhT2Fe2oZ89oA9Hzy',NULL,'admin',1,NULL,'2022-12-13','2022-12-13');
INSERT INTO users(id,name,email,phone,email_verified_at,password,photo,role,is_active,remember_token,created_at,updated_at) VALUES (159,'santa ramayanti simamora','ajasantai738@gmail.com','82287727173',NULL,'$2y$10$PNMp43Nzwpuz5a0WOG4J0eiocGHwMlWRO3e2hg6sBDFgGU1NSgrYu',NULL,'admin',1,NULL,'2022-12-13','2022-12-13');
INSERT INTO users(id,name,email,phone,email_verified_at,password,photo,role,is_active,remember_token,created_at,updated_at) VALUES (160,'Jogi Hermanto sianturi','bangoey08@gmail.com','87838013290',NULL,'$2y$10$NRTE7S16AZpugNOfTU2MCuT5mTAyUABZbbU0ZwCYw/BxHbmdTxqvK',NULL,'admin',1,'370|I9j5ePBFhUMGpSVrKaJzrlks6GiK3Mw8UcbmThXI','2022-12-13','2022-12-13');
INSERT INTO users(id,name,email,phone,email_verified_at,password,photo,role,is_active,remember_token,created_at,updated_at) VALUES (161,'leonardo sinaga','nardosinaga1711@gmail.com','82361174596',NULL,'$2y$10$qTnsE3ml8InG2X/zgKzNWuVuQWiSRUBklp61pXeaWsbQKqI2nSWNW',NULL,'admin',1,NULL,'2022-12-13','2022-12-13');
INSERT INTO users(id,name,email,phone,email_verified_at,password,photo,role,is_active,remember_token,created_at,updated_at) VALUES (162,'Jon sudiaman sipayung','sipayungsudiaman37@gmail.com','85376997966',NULL,'$2y$10$DyA6l1f2jz3LcGUq2cgAi.xJ8CJXtQ17E2J6BfXK.dMXSqSgRvuV.',NULL,'admin',1,'373|ik8Bg66nFimTbthtWTxaqcVNu0fhWB5V7PUYWAcG','2022-12-14','2022-12-14');
INSERT INTO users(id,name,email,phone,email_verified_at,password,photo,role,is_active,remember_token,created_at,updated_at) VALUES (163,'girsang','girsangadnadi@gmail.com','8126551441',NULL,'$2y$10$zhD7KUr1CBN4JFp12mdQfOwnqd76vAU2ZJcf7QbFglpiObth3j2Tu',NULL,'admin',1,NULL,'2022-12-14','2022-12-14');
INSERT INTO users(id,name,email,phone,email_verified_at,password,photo,role,is_active,remember_token,created_at,updated_at) VALUES (164,'Ibnu Dzaky Suroso','ibnubrokoli6@gmail.com','85805330713',NULL,'$2y$10$IGhMQXcrm3KjtmwGBIsN7.cHRiIJSZeLfQ.G1drK213AX1NgNrpUC',NULL,'admin',1,NULL,'2022-12-17','2022-12-17');
INSERT INTO users(id,name,email,phone,email_verified_at,password,photo,role,is_active,remember_token,created_at,updated_at) VALUES (165,'Rayanti Sihaloho','rayaqueen21@gmail.com','81396489028',NULL,'$2y$10$0/mnrM6aYg614zjGY4wDS.3tTE4LUifircTQzSlkVO30F9Moh4TqG',NULL,'admin',1,NULL,'2022-12-19','2022-12-19');
INSERT INTO users(id,name,email,phone,email_verified_at,password,photo,role,is_active,remember_token,created_at,updated_at) VALUES (166,'Bambang Setiabudi','bambang.setibudie@patra-jasa.com','81511159242',NULL,'$2y$10$YXN7i2CulwwdkPnuzcKAYOhjRDxUe9lB8/7y3EEUl6cE5WvyjIZyS',NULL,'admin',1,NULL,'2022-12-19','2022-12-19');
INSERT INTO users(id,name,email,phone,email_verified_at,password,photo,role,is_active,remember_token,created_at,updated_at) VALUES (167,'Elsa Pakpahan','elsa.pakpahan12@gmail.com','82168427934',NULL,'$2y$10$c.OeAdY9Sd84/ju.1iPjzOdus33if1HMcI1zccSum5qCOC1OryENy',NULL,'admin',1,'379|z4jAqDX3kz2SHd0VLv0SDP05S5FJwpkgM1syxOem','2022-12-19','2022-12-19');
INSERT INTO users(id,name,email,phone,email_verified_at,password,photo,role,is_active,remember_token,created_at,updated_at) VALUES (168,'Yogi Setiawan','idogie09@gmail.com','82299505078',NULL,'$2y$10$LOuH2dgGMXHPz4AhGc0Yr.gMWBtWZLifc5FPiW24RiPNRb3U80GSq',NULL,'admin',1,NULL,'2022-12-20','2022-12-20');
INSERT INTO users(id,name,email,phone,email_verified_at,password,photo,role,is_active,remember_token,created_at,updated_at) VALUES (169,'Evan Rezky Saragih','sumbayak2503@gmail.com','82274485864',NULL,'$2y$10$rVzXDjdYtVJjGaHBlcRE2.0Xg0lqkwCDdJHvsBc7LiVEdWLPfOFC2',NULL,'admin',1,NULL,'2022-12-23','2022-12-23');
INSERT INTO users(id,name,email,phone,email_verified_at,password,photo,role,is_active,remember_token,created_at,updated_at) VALUES (170,'dika','frandika3022@gmail.com','895626830207',NULL,'$2y$10$taWDI4Zisl6UkkQPNTF9teNUFtGSHezewu31TCOtz.SnTGpy.okcm',NULL,'admin',1,NULL,'2022-12-26','2022-12-26');
INSERT INTO users(id,name,email,phone,email_verified_at,password,photo,role,is_active,remember_token,created_at,updated_at) VALUES (171,'Egi Athoriq','athoriqegi11@gmail.com','89652041619',NULL,'$2y$10$2tUEOyhNT9sQo2SvVVUFhuQ5/YpItUE61WqMAtsh1Ifz9xxyz4bR2',NULL,'admin',1,NULL,'2023-01-04','2023-01-04');
INSERT INTO users(id,name,email,phone,email_verified_at,password,photo,role,is_active,remember_token,created_at,updated_at) VALUES (172,'Tumbur butar butar','tumburbutarbutar676@gmail.com','85276553418',NULL,'$2y$10$xdsD459VEMLaEtOlEahR7.9aBQLj0WQqTFcrVDsdPbOstf5S4S2vG',NULL,'admin',1,NULL,'2023-01-09','2023-01-09');
INSERT INTO users(id,name,email,phone,email_verified_at,password,photo,role,is_active,remember_token,created_at,updated_at) VALUES (173,'Elsa Silvana Amalia','elsasilvana27@gmail.com','82331653662',NULL,'$2y$10$IQ6vH9Ym0sbfgoua.H.nee9EDX0k6h8qDaL7fOkMbfwEx5AItpBvi',NULL,'admin',1,NULL,'2023-01-20','2023-01-20');
INSERT INTO users(id,name,email,phone,email_verified_at,password,photo,role,is_active,remember_token,created_at,updated_at) VALUES (174,'Marpanumpak','marpanumpaksinaga@gmail.com','82370708154',NULL,'$2y$10$6iw6aNZO5KOgWLZ5AV6VVOKhNHd0vB5FAdGhB4U1XaX6CfLTpp4xK',NULL,'admin',1,NULL,'2023-01-20','2023-01-20');
INSERT INTO users(id,name,email,phone,email_verified_at,password,photo,role,is_active,remember_token,created_at,updated_at) VALUES (175,'Gimrood Sinaga','gimrood.sinaga@gmail.com','81375856711',NULL,'$2y$10$vc1DlVctymzzg8KLKYniQ.w76qRdWySeJ/ZsIfDctc7CbMX4dv6He',NULL,'admin',1,NULL,'2023-01-24','2023-01-24');
INSERT INTO users(id,name,email,phone,email_verified_at,password,photo,role,is_active,remember_token,created_at,updated_at) VALUES (176,'isweriansyah Damanik','isweriansyahdamanik2@gmail.com','82276792498',NULL,'$2y$10$TRNhuemVgUASiH4UESJkl.fyh0x4Qy1d/yP.M6rfqKG/cijz76Kkm',NULL,'admin',1,NULL,'2023-01-29','2023-01-29');
INSERT INTO users(id,name,email,phone,email_verified_at,password,photo,role,is_active,remember_token,created_at,updated_at) VALUES (177,'Genta','Tembalangmaerasari@gmail.com','85939859971',NULL,'$2y$10$LgvwtfwA3coxThNq2T6xHecTWb33ae7tDOjZhfJnYsYtUIdfNDDo6',NULL,'admin',1,NULL,'2023-02-17','2023-02-17');
INSERT INTO users(id,name,email,phone,email_verified_at,password,photo,role,is_active,remember_token,created_at,updated_at) VALUES (178,'Tupa','tupa@sobathotel.com','8117321999',NULL,'$2y$10$PCbsJxlPTXaOuZogGYGYMOqeDh.x2/SbiaMd5yRUlnPUkulK.kEta',NULL,'admin',1,NULL,'2023-02-22','2023-02-22');
INSERT INTO users(id,name,email,phone,email_verified_at,password,photo,role,is_active,remember_token,created_at,updated_at) VALUES (179,'farisa','nurhidayah.farisa@gmail.com','8176546824',NULL,'$2y$10$ntBpr6D8To3D8JyJgImE.O5vO4e9MEjhuZ.9EUqQgvk4ev1LUO5IC',NULL,'admin',1,NULL,'2023-03-02','2023-03-02');
INSERT INTO users(id,name,email,phone,email_verified_at,password,photo,role,is_active,remember_token,created_at,updated_at) VALUES (180,'Tester','tester@marsindo.co.id','8121212525',NULL,'$2y$10$ImB5WmxcvBEHeGQhuKVikeqJs8LI23Hmtn9kfRytP4xe2oUWfD96e',NULL,'admin',1,'403|ul0LgRLgI3yxCE1psr8bVN6K2hZ75EhNeXY6xOFe','2023-03-09','2023-03-11');
INSERT INTO users(id,name,email,phone,email_verified_at,password,photo,role,is_active,remember_token,created_at,updated_at) VALUES (181,'ulina rugun','ulinarugun@gmail.com','82165009899',NULL,'$2y$10$ncYX4nUAzfz7aubiynoHSeXxTU..Y1jNXyMubBRjlPR4F1mc6MXh2',NULL,'admin',1,NULL,'2023-03-09','2023-03-09');
INSERT INTO users(id,name,email,phone,email_verified_at,password,photo,role,is_active,remember_token,created_at,updated_at) VALUES (182,'Tester2','tester2@mail.com','81122334455',NULL,'$2y$10$ImacnHqpzMPoKrLQpvLkeOfS0Tf4GcKCxMqjH0dWGteQ9Aw..x/Di',NULL,'admin',1,'409|MUmz6R9ZfTYhRPXmwFL3ix92zJxq8cSCIR3EgzQW','2023-03-13','2023-03-16');
INSERT INTO users(id,name,email,phone,email_verified_at,password,photo,role,is_active,remember_token,created_at,updated_at) VALUES (183,'Ancha Sitorus','ancha.sitorus@gmail.com','81375985074',NULL,'$2y$10$KpjOursgSbd3Kq8636oZMeHE8hA1GWlxhS9RLDzOkKbEhtf1uQ5si',NULL,'admin',1,NULL,'2023-03-16','2023-03-16');
INSERT INTO users(id,name,email,phone,email_verified_at,password,photo,role,is_active,remember_token,created_at,updated_at) VALUES (184,'Johanes N Ginting','jojoginting2909@gmail.com','81229885201',NULL,'$2y$10$nxt9q7tmRD1amxuB/WAMZe7lYpPOtyttVwhYtCe1ZOXWNUlQVzxHS',NULL,'admin',1,NULL,'2023-03-20','2023-03-20');
INSERT INTO users(id,name,email,phone,email_verified_at,password,photo,role,is_active,remember_token,created_at,updated_at) VALUES (185,'Bernando D. Silaen','bernandosilaen2006@gmail.com','81361601886',NULL,'$2y$10$rdneDGPdFFMboTipy4QfHO86QQg0Bs6oMp7sniWQSpAihTDdlgMmG',NULL,'admin',1,'412|EDKgDVv27l5bTRnnWKBXFLSHDCa1is3ZjywMmN27','2023-03-20','2023-03-20');
INSERT INTO users(id,name,email,phone,email_verified_at,password,photo,role,is_active,remember_token,created_at,updated_at) VALUES (186,'David','menteng.skate@gmail.com','81224432569',NULL,'$2y$10$xRbnI.avRL.2TksqoQMJ4OQcX46nSII.mi2GlKd6tZ7wQpMsCc7Wm',NULL,'admin',1,NULL,'2023-03-20','2023-03-20');
INSERT INTO users(id,name,email,phone,email_verified_at,password,photo,role,is_active,remember_token,created_at,updated_at) VALUES (187,'miwayaya','zaheeraraisaalmi683@gmail.com','82261693682',NULL,'$2y$10$.QahQQ277.ckGh5vdHCOJO5XV4HDQ9M632Yj9r7pxmi4tcEPxemOq',NULL,'admin',1,NULL,'2023-03-27','2023-03-27');
INSERT INTO users(id,name,email,phone,email_verified_at,password,photo,role,is_active,remember_token,created_at,updated_at) VALUES (188,'andri rahadian','andrirahadian50@gmail.com','82267440007',NULL,'$2y$10$m9UGmM.lBgAyb7NdFYgnfO.pOp39C5259HNxLyrW4UvpDArrzL/mi',NULL,'admin',1,NULL,'2023-03-28','2023-03-28');
INSERT INTO users(id,name,email,phone,email_verified_at,password,photo,role,is_active,remember_token,created_at,updated_at) VALUES (189,'desriani br purba','desrianironayfiona@gmail.com','82312952684',NULL,'$2y$10$rSx6b.1nb4n4M1CRRq329O1SCCTrdBKub.AjYomlZMv2oy6Sb5nsi',NULL,'admin',1,NULL,'2023-05-01','2023-05-01');
INSERT INTO users(id,name,email,phone,email_verified_at,password,photo,role,is_active,remember_token,created_at,updated_at) VALUES (190,'Jabes P','jabes@marsindo.co.id','81234567890',NULL,'$2y$10$fh6Q5WZST/NwkIRcNUiTSeKKZioLsmIcMHHp6bZexGAwIBWfeZKkS',NULL,'admin',1,'541|COmxcFzjxJZaGdPdtzk7e7NzVSFPzRF3cbIcyFjY','2023-05-09','2023-12-11');
INSERT INTO users(id,name,email,phone,email_verified_at,password,photo,role,is_active,remember_token,created_at,updated_at) VALUES (191,'Jhon Winley Sipayung','sipayungrimbawa@gmail.com','82166453955',NULL,'$2y$10$g2YdCeWKkV1BIulQPKWLqOPmj/rNvqgPdll5HzddWY/V7DehViAPq',NULL,'admin',1,NULL,'2023-05-18','2023-05-18');
INSERT INTO users(id,name,email,phone,email_verified_at,password,photo,role,is_active,remember_token,created_at,updated_at) VALUES (192,'Fian saragih','fiansaragih073@gmail.com','0857 7759758',NULL,'$2y$10$qd7lCpnm/i5XnN0UkzP.4.5pqDmMOxARG.dF43N7mkpUEXgY2saby',NULL,'admin',1,NULL,'2023-05-21','2023-05-21');
INSERT INTO users(id,name,email,phone,email_verified_at,password,photo,role,is_active,remember_token,created_at,updated_at) VALUES (193,'Jasmin Purba','h.jasminpurba@gmai.com','85296700744',NULL,'$2y$10$XFgsg0Tn/VGk5h8z9K/iFO6BfI0AbSHWBL.gtHYfT9rl5cg5cqhXK',NULL,'admin',1,NULL,'2023-05-21','2023-05-21');
INSERT INTO users(id,name,email,phone,email_verified_at,password,photo,role,is_active,remember_token,created_at,updated_at) VALUES (195,'Test','testertester@mail.com','81234512345',NULL,'$2y$10$xOVzIPuNm6HQbZTxgL8VZubtxonEpQ4jthKQ4r3/jN0rSRpvWVz3i',NULL,'user',1,NULL,'2023-06-19','2023-06-19');
INSERT INTO users(id,name,email,phone,email_verified_at,password,photo,role,is_active,remember_token,created_at,updated_at) VALUES (196,'tester123','tester123@gmail.com','87564644',NULL,'$2y$10$us5rX9ztHn3AJzcHMLTefelER/Wrf2ll4ouut2r16jhgb/EOJPaxO',NULL,'user',1,NULL,'2023-06-19','2023-06-19');
INSERT INTO users(id,name,email,phone,email_verified_at,password,photo,role,is_active,remember_token,created_at,updated_at) VALUES (197,'Immanuel Guteres Nainggolan','imanuelnainggolan8008@gmail.com','81361273996',NULL,'$2y$10$MRs/6nAsYfsv8vrmAGA1iu940PeX6ML8LBXlAKm.iBP8J9FvZcCmO',NULL,'user',1,NULL,'2023-06-21','2023-06-21');
INSERT INTO users(id,name,email,phone,email_verified_at,password,photo,role,is_active,remember_token,created_at,updated_at) VALUES (198,'sri sultan saragih','srisultan484@gmail.com','85276322782',NULL,'$2y$10$J3bnEUoPB51iRuuXdL.ks.z0PFfy/DmBKZBJYtqZMYNGvPzvepwky',NULL,'user',1,NULL,'2023-06-22','2023-06-22');
INSERT INTO users(id,name,email,phone,email_verified_at,password,photo,role,is_active,remember_token,created_at,updated_at) VALUES (199,'Sultan Muhammad Shalwis Rambe','sultanrambe347@gmail.com','81262164869',NULL,'$2y$10$U07eulTXSdgAe7Q7kSgxj.PK.1aaLFz9177FwD1h.RQOnLsarPyRm',NULL,'user',1,NULL,'2023-06-26','2023-06-26');
INSERT INTO users(id,name,email,phone,email_verified_at,password,photo,role,is_active,remember_token,created_at,updated_at) VALUES (200,'Siti Fauziah Ginting','gintingfauziah@gmail.com','82161169448',NULL,'$2y$10$j0jAwskXhJdwZWT74B08y.4x7tFOQuFD1Oml5QjgnoSXT4ejo3yHe',NULL,'user',1,NULL,'2023-06-26','2023-06-26');
INSERT INTO users(id,name,email,phone,email_verified_at,password,photo,role,is_active,remember_token,created_at,updated_at) VALUES (201,'Adrial','adrial_70@yahoo.com','81275973691',NULL,'$2y$10$1ZnFx5Wtax7AoG2M6MSYKOa2DUKOs13F8NI7LijDpH9FmSK5oL0rG',NULL,'user',1,NULL,'2023-06-27','2023-06-27');
INSERT INTO users(id,name,email,phone,email_verified_at,password,photo,role,is_active,remember_token,created_at,updated_at) VALUES (202,'Akfansyah Lubis','nuansaindahtour19@gmail.com','81262388907',NULL,'$2y$10$DNkWQbDmBt76N.GBBKgkVe18er07rG/jpx.avj8GaP3DLkz2COEi6',NULL,'user',1,'454|EjR3F7NhtosiR20DSvm3iZHZAbRoB0MmEX3PwE7z','2023-06-27','2023-06-27');
INSERT INTO users(id,name,email,phone,email_verified_at,password,photo,role,is_active,remember_token,created_at,updated_at) VALUES (203,'Nani Andriani SH','albazikri2017@gmail.com','85262339076',NULL,'$2y$10$CBMA3HwVwvZd5HdBLUWjuuSXAhtDNIQbGl0tFxFWT.micSCZ/iNTy',NULL,'user',1,NULL,'2023-06-28','2023-06-28');
INSERT INTO users(id,name,email,phone,email_verified_at,password,photo,role,is_active,remember_token,created_at,updated_at) VALUES (204,'Agus','agusmansaragihgar05@gmail.com','81316427510',NULL,'$2y$10$MVR6kliPRk0goVSOk3jsmOGfU8ZCtii1xoi7/8I/MJ1KxOlcox/.i',NULL,'user',1,NULL,'2023-06-29','2023-06-29');
INSERT INTO users(id,name,email,phone,email_verified_at,password,photo,role,is_active,remember_token,created_at,updated_at) VALUES (205,'angelita manurung','manroeangelita@gmail.com','82161148237',NULL,'$2y$10$XGnQQyQBDeY/eCevoZYine3ImfHM/uIgOHNlKIcl6Jos1KFU6VfsK',NULL,'user',1,NULL,'2023-06-30','2023-06-30');
INSERT INTO users(id,name,email,phone,email_verified_at,password,photo,role,is_active,remember_token,created_at,updated_at) VALUES (206,'emin','tafyapurba@gmail.com','82284642212',NULL,'$2y$10$UtQizeql9.QQjI8j.fhmSeopn.17I3Pf9UxeCRGlLjG2nuo6cVnJy',NULL,'user',1,NULL,'2023-07-07','2023-07-07');
INSERT INTO users(id,name,email,phone,email_verified_at,password,photo,role,is_active,remember_token,created_at,updated_at) VALUES (207,'meitrik purba','meypurba79@gmail.com','82161889963',NULL,'$2y$10$hjQCLKIxNMUIFNCEn/2mz.BNwTawEGGqKfhaavbjgyeOxKBsnpg/C',NULL,'user',1,'467|jnPFG1fbQyGvv2yo0nkJrRQ4FxlbjDS8bA61t8I7','2023-07-07','2023-07-07');
INSERT INTO users(id,name,email,phone,email_verified_at,password,photo,role,is_active,remember_token,created_at,updated_at) VALUES (209,'Maulana Al Farizi','maulanaskywalker@gmail.com','81262061437',NULL,'$2y$10$s47mE1F88Bn7Z/D.N8g.IeCDIz9RzPT.mUFyOrCWG9s9TE5c8IpQu',NULL,'user',1,'471|UaRwHYk1OiC6ywFdzfJm4xOYFbBP4IHAoelNfp2N','2023-07-10','2023-07-10');
INSERT INTO users(id,name,email,phone,email_verified_at,password,photo,role,is_active,remember_token,created_at,updated_at) VALUES (211,'ribka','ribka@gmail.com','8116068116',NULL,'$2y$10$r/CcR6Xo8HPjKBGyRZ9sjOjFLPX4r5NwpArj9y9myrYa78dE3OMDG',NULL,'user',1,'478|2IQlDbQekEfcDSZfPWeCWXsXWFQUnKKapzQZoSm0','2023-07-11','2023-07-14');
INSERT INTO users(id,name,email,phone,email_verified_at,password,photo,role,is_active,remember_token,created_at,updated_at) VALUES (212,'Monalisa Simanjuntak','secretary.cottageparapat@gmail.com','82292492610',NULL,'$2y$10$QIDhU8mN6BjhK0kGxi9IFOGtdzem1TiOkH1g/TQDAFJLkikZWUa66',NULL,'user',1,NULL,'2023-07-11','2023-07-11');
INSERT INTO users(id,name,email,phone,email_verified_at,password,photo,role,is_active,remember_token,created_at,updated_at) VALUES (214,'Nathanael','nathanaelnainggolan246@gmail.com','81263144637',NULL,'$2y$10$9zwAsapuBXySrwLYIM/lVOB0ZUCUOWnESjLKqhY142hG7961WjnSC',NULL,'user',1,NULL,'2023-07-20','2023-07-20');
INSERT INTO users(id,name,email,phone,email_verified_at,password,photo,role,is_active,remember_token,created_at,updated_at) VALUES (215,'ai','anggrainidwi96@yahoo.com','81362533477',NULL,'$2y$10$iLggYw.GZ5yLunl5qCE1XuDQEdi5RZDIdao3FOpH41NH.LICbZ3xG',NULL,'user',1,NULL,'2023-07-20','2023-07-20');
INSERT INTO users(id,name,email,phone,email_verified_at,password,photo,role,is_active,remember_token,created_at,updated_at) VALUES (216,'alija','alijamagribi6@gmail.com','83184004754',NULL,'$2y$10$CN9bVUufAo8nmeqEdbZAKOdTGZM4ZqpnYKNvGGzZkU./KmCi1aBFC',NULL,'user',1,NULL,'2023-07-21','2023-07-21');
INSERT INTO users(id,name,email,phone,email_verified_at,password,photo,role,is_active,remember_token,created_at,updated_at) VALUES (235,'Lisbeth Desyana Siagian','akunlisbeth@gmail.com','82165832856',NULL,'$2y$10$KDsdMU3Z94DOt0ZROlOE7.PwjMuIqh4JaPoWBrX88YRJfPglby8li',NULL,'user',1,'487|tuSlM7vdc09Sbp8vpljoh9Azuy6bZMPevGJNd795','2023-07-25','2023-07-25');
INSERT INTO users(id,name,email,phone,email_verified_at,password,photo,role,is_active,remember_token,created_at,updated_at) VALUES (236,'Lasma Woylani Hutasoit','l.woylani@gmail.com','85207311677',NULL,'$2y$10$IJRls30NZI5gTSK4u8PuVe.iwrB2rf3/TVAYjTbyqfhGC5K1o8hHi',NULL,'user',1,'489|2DSd0QA53vhbO4Z5WKR9Xdv1xE8E08qMo86FTZ7Y','2023-07-25','2023-07-25');
INSERT INTO users(id,name,email,phone,email_verified_at,password,photo,role,is_active,remember_token,created_at,updated_at) VALUES (237,'diam pratiwi','dpratiwi.dp32@gmail.com','85260003079',NULL,'$2y$10$wGTGukDPaGyLtEDMRMbteunYq0k7LOhavmcFxkVgLmSB.0KFuUy7i',NULL,'user',1,'491|yWE0J02RqoCwCSxswWNA6pOR7jIuAoDnd9XDVih8','2023-08-01','2023-08-01');
INSERT INTO users(id,name,email,phone,email_verified_at,password,photo,role,is_active,remember_token,created_at,updated_at) VALUES (238,'abi','kua1429@gmail.com','859106804305',NULL,'$2y$10$bDFovCluBwxIzMX2WveR9u0HNOBu4WVLXzSaQD8IWY3UGP7U2UKei',NULL,'user',1,NULL,'2023-08-02','2023-08-02');
INSERT INTO users(id,name,email,phone,email_verified_at,password,photo,role,is_active,remember_token,created_at,updated_at) VALUES (239,'Bah Damanik','Bahdamanik@simtour.com',NULL,NULL,'$2y$10$/OcdNVQM1OZwSaRb4RaHyeWXY6Ies7oTm8Rid05pxdshnFLPLwJ8m',NULL,'admin',1,'542|iz1c8XOYnYvutpR85w917aiKDToUvCNwvU7DvfRG','2023-08-09','2023-12-12');
INSERT INTO users(id,name,email,phone,email_verified_at,password,photo,role,is_active,remember_token,created_at,updated_at) VALUES (240,'Bukit Indah Simarjarunjung','Bis@simtour.com',NULL,NULL,'$2y$10$Kfb9tW5tyXYKI2oyAF5lneAQxA3ymxG/jg1sa7SA2ur1.VC85zzCO',NULL,'admin',1,'FLsnGlu4nGH4SwT1saFqmPP2RRQel4xKY7k344JyUjEu0KaDolyzKl0FB44Y','2023-08-09','2023-10-17');
INSERT INTO users(id,name,email,phone,email_verified_at,password,photo,role,is_active,remember_token,created_at,updated_at) VALUES (242,'Karang anyer','karanganyer@simtour.com',NULL,NULL,'$2y$10$0U0RcURoYs2K0JADMM4LFOdDH1Imw5PtqbPnK4c0moslXqX469dIS',NULL,'admin',1,'527|TzhnUE0WmZZhb4fRAAceOHLHCD5S44d7WALpx5P8','2023-08-09','2023-10-19');
INSERT INTO users(id,name,email,phone,email_verified_at,password,photo,role,is_active,remember_token,created_at,updated_at) VALUES (243,'Rumah Bolon Purba','Rumahbolon@simtour.com',NULL,NULL,'$2y$10$lC7w8SUSVin0p.mZ9I5w8eJQ8fNRLJ6AnfxvgHX4ljK/OObBSDX8S',NULL,'admin',1,NULL,'2023-08-09','2023-08-09');
INSERT INTO users(id,name,email,phone,email_verified_at,password,photo,role,is_active,remember_token,created_at,updated_at) VALUES (244,'Bah Biak','Bahbiak@simtour.com',NULL,NULL,'$2y$10$Yx4aG.C2myyyZBySXLM5R.uOt.yEs3ZO4Ys4myi./3xqRayF7VNYy',NULL,'admin',1,'3ThygCZvMxGyD9Efo3B5HCe4XLU5zg4dTaWXKds3r4oFS4WqG3zTAGC5O3Gj','2023-08-09','2023-10-05');
INSERT INTO users(id,name,email,phone,email_verified_at,password,photo,role,is_active,remember_token,created_at,updated_at) VALUES (245,'PemandianSilulu','Silulu@simtour.com',NULL,NULL,'$2y$10$fJZkmBCOnHU9AqHarpK8UOCJW3lCk981CI1c9842UQSgr9VUb9N8y',NULL,'admin',1,'529|57AV1tjqHxSkVc7O3LvkqlnvUMgQpptN9pMgjjMS','2023-08-09','2023-10-22');
INSERT INTO users(id,name,email,phone,email_verified_at,password,photo,role,is_active,remember_token,created_at,updated_at) VALUES (246,'Pemandian Alam Sejuk','PAS@simtour.com',NULL,NULL,'$2y$10$iLAObAD8NKYN8JOPPdjXquFNN8OMJQawGpVmewYRCveEoB506zfRO',NULL,'admin',1,NULL,'2023-08-09','2023-08-09');
INSERT INTO users(id,name,email,phone,email_verified_at,password,photo,role,is_active,remember_token,created_at,updated_at) VALUES (247,'Pantai Paris Tigaras','Pantaiparis@simtour.com',NULL,NULL,'$2y$10$OK7G1ijRRg7KnHabGeJR4u0xgtD6gSrwhAcbRj8ZyWcdQBdtrN2PG',NULL,'admin',1,NULL,'2023-08-09','2023-08-09');
INSERT INTO users(id,name,email,phone,email_verified_at,password,photo,role,is_active,remember_token,created_at,updated_at) VALUES (248,'Pantai Bebas Parapat','Pantaibebasparapat@simtour.com',NULL,NULL,'$2y$10$zWJ349BodxElnkIJ7suSdO2dgaMnGS7Mf0oeRL5WWzb7deiqGYNF2',NULL,'admin',1,'546|VbD4zaxuYIpBW5c97KdzTUIzMRHlMYRK2rSF2dQ9','2023-08-09','2024-03-04');
INSERT INTO users(id,name,email,phone,email_verified_at,password,photo,role,is_active,remember_token,created_at,updated_at) VALUES (249,'shelly Purba','shellypurba48@gmail.com','82277812628',NULL,'$2y$10$N1VTs1DSaDsKjp6Iy1/gye5bGuqO8kwRwh1PbCQYUnHsTtWooeBg2',NULL,'user',1,NULL,'2023-08-15','2023-08-15');
INSERT INTO users(id,name,email,phone,email_verified_at,password,photo,role,is_active,remember_token,created_at,updated_at) VALUES (250,'rudi candra sinaga','pagarbosi2021@gmail.com','81375020303',NULL,'$2y$10$vypr2.XxXPhGKnPHPF9XZOgWujmdLDTJpeFskfQCvShzFr4QQ2ccW',NULL,'user',1,NULL,'2023-08-18','2023-08-18');
INSERT INTO users(id,name,email,phone,email_verified_at,password,photo,role,is_active,remember_token,created_at,updated_at) VALUES (251,'Yohanna','yohannaelisiapurba20@gmail.com','82283231703',NULL,'$2y$10$CIao8LEURxSdOh/CbGJv6OzQ.ZKqrS73L0V8FOH6EG7FUUVitpWmW',NULL,'user',1,NULL,'2023-08-22','2023-08-22');
INSERT INTO users(id,name,email,phone,email_verified_at,password,photo,role,is_active,remember_token,created_at,updated_at) VALUES (252,'Adhitya Saragih','saragihaditya50@gmail.com','8887706782',NULL,'$2y$10$.VhHx5Qlmij.12KaNjEycedYLPlwDjH4HGtmXPctotoKCuGlvo9t.',NULL,'user',1,NULL,'2023-08-23','2023-08-23');
INSERT INTO users(id,name,email,phone,email_verified_at,password,photo,role,is_active,remember_token,created_at,updated_at) VALUES (253,'Ahmad Rizky Setiawan, S.STP','arizkys1996@gmail.com','81360596314',NULL,'$2y$10$pvdMfARuqbpTHi.2dp/hFuSwVg8DQkJUGXeD.3VBPl3z56Ti4FQr2',NULL,'user',1,NULL,'2023-08-24','2023-08-24');
INSERT INTO users(id,name,email,phone,email_verified_at,password,photo,role,is_active,remember_token,created_at,updated_at) VALUES (254,'Mochamad Riki sinaga','moch.riki.sinaga@gmail.com','81221888811',NULL,'$2y$10$NYDurL27t9pb2k3lVj6RY.bc0H6DP8EQ54mYp12TPPchvCZ70eBsC',NULL,'user',1,NULL,'2023-08-27','2023-08-27');
INSERT INTO users(id,name,email,phone,email_verified_at,password,photo,role,is_active,remember_token,created_at,updated_at) VALUES (255,'Wenny Estetika Manullang','wennymanullang936@gmail.com','85373268339',NULL,'$2y$10$f3z0uUTigqyWbqdp8AgFqeFrC1gL5b9K0QN0gz5lZwGxPeGm4M.Yq',NULL,'user',1,NULL,'2023-08-27','2023-08-27');
INSERT INTO users(id,name,email,phone,email_verified_at,password,photo,role,is_active,remember_token,created_at,updated_at) VALUES (256,'tetty Roming Sagustti siagian','tettyroming@siagian','82162310567',NULL,'$2y$10$/ZeCp4uJbxIR3h7c5vUVpeY4JcvdEl4HYsA0/2uqb6A9bkqSXMTGm',NULL,'user',1,NULL,'2023-08-27','2023-08-27');
INSERT INTO users(id,name,email,phone,email_verified_at,password,photo,role,is_active,remember_token,created_at,updated_at) VALUES (257,'Hernawati lasmida Naibaho','hernawatilasnidanaibaho@gmail.com','82165713664',NULL,'$2y$10$ssZfpnVzQG/xzv1E4LB1C.lsye/nxgfx2Gd261mLpsBspJW26M11y',NULL,'user',1,NULL,'2023-08-27','2023-08-27');
INSERT INTO users(id,name,email,phone,email_verified_at,password,photo,role,is_active,remember_token,created_at,updated_at) VALUES (258,'Edelina','edelinanapitupulu@gmail.com','81396507979',NULL,'$2y$10$8aA4TmFYKWiqp6S12TKfmOcoFwNR.12NLrwfKuKroX0LrQZl7jtPO',NULL,'user',1,NULL,'2023-09-01','2023-09-01');
INSERT INTO users(id,name,email,phone,email_verified_at,password,photo,role,is_active,remember_token,created_at,updated_at) VALUES (259,'Novita','novita.andriani0407@gmail.com','81381291645',NULL,'$2y$10$a7LIGNtHFsHLMxLXU/r2juDTxE0v1KR1PXJ2PJX7rEaF6aVnly6sK',NULL,'user',1,NULL,'2023-09-04','2023-09-04');
INSERT INTO users(id,name,email,phone,email_verified_at,password,photo,role,is_active,remember_token,created_at,updated_at) VALUES (260,'ELEPHANT CONSERVATION','ANEC@sips.com',NULL,NULL,'$2y$10$iqA/.ZjpQpISqungWYVYYuVJd5LoztqCn8O0s0KBKzgaiyMa3hjt.',NULL,'admin',1,'hANgz9uVZKgoisjSbXSEsVaAab0GN08P6lmK9ihlQTU0UePJyQ9iLMMDmixh','2023-10-10','2023-10-16');
INSERT INTO users(id,name,email,phone,email_verified_at,password,photo,role,is_active,remember_token,created_at,updated_at) VALUES (261,'eco wisata harangan girsang','harangangirsang@sips.com',NULL,NULL,'$2y$10$jsStTQncFZLLSF2zfgAAWuxO4xbSQFak.2xY7jNYYHLXhnyQ1YiNi',NULL,'admin',1,'Ei2PBxt0vwQYx23B91gQPCkDBtfqHtSv4eFwCPuoLLSR8WE7SsFLc8ZH4FJN','2023-10-10','2023-10-16');
INSERT INTO users(id,name,email,phone,email_verified_at,password,photo,role,is_active,remember_token,created_at,updated_at) VALUES (263,'pantai paris','pantaiparis@sips.com',NULL,NULL,'$2y$10$as7LO/I3oXI9yW56obMjhea6v7QdeBZku2CCbsmfNWTG2ganIFwlS',NULL,'admin',1,'ge8W5rC59KvOgX6gkAdLFUvaTnxko2a5D9eY5wZrgUcxkkBUsOa9bYDLy1A0','2023-10-17','2023-10-17');
INSERT INTO users(id,name,email,phone,email_verified_at,password,photo,role,is_active,remember_token,created_at,updated_at) VALUES (264,'pantai raya','pantairaya@sips.com',NULL,NULL,'$2y$10$3rigeUIfV3ifJKfyhQteyeqkPRDsB.M0onITb2jxQXgUpw8P4n1xS',NULL,'admin',1,'QmmkLTOZL9ZuVYZJ2T5TdvpZqP2duoel5PHbX0xJMscZs6QitECm2RX0BBjC','2023-10-17','2023-10-17');
INSERT INTO users(id,name,email,phone,email_verified_at,password,photo,role,is_active,remember_token,created_at,updated_at) VALUES (265,'pantai carita','pantaicarita@sips.com',NULL,NULL,'$2y$10$45i2l8oec18wnnTNKtpB8uLzgW7pKhdQlIsFFHZjxvplxH9dlw9Ha',NULL,'admin',1,'jZZvsY2J4zcsUmtPJIgRLJs3n1oIDnSOex8RbEvZhEmM0k5hti7OgZskeuun','2023-10-17','2023-10-17');
INSERT INTO users(id,name,email,phone,email_verified_at,password,photo,role,is_active,remember_token,created_at,updated_at) VALUES (266,'pantai ardhana','pantaiardhana@sips.com',NULL,NULL,'$2y$10$M8yikfI7P1WwsbumGpaxIu8LOkwWnzIbmGlhzaScQdoqlkSTo7tPi',NULL,'admin',1,'tk9kw0gjxtno8sHqheCj7fuwRaVBzuuTkWwWwQnw5B0cyH9EYeWE4Ex47fGf','2023-10-17','2023-10-17');
INSERT INTO users(id,name,email,phone,email_verified_at,password,photo,role,is_active,remember_token,created_at,updated_at) VALUES (267,'pantaigrace','pantaigrace@sips.com',NULL,NULL,'$2y$10$jncb/83i6QuwKJsz/8.S9.eZR7fONj5aXeASg.eAq7f9EmYQXdQx6',NULL,'admin',1,NULL,'2023-10-17','2023-10-17');
INSERT INTO users(id,name,email,phone,email_verified_at,password,photo,role,is_active,remember_token,created_at,updated_at) VALUES (268,'pantai garoga','pantaigaroga@sips.com',NULL,NULL,'$2y$10$WFxX0EeY1SKIV7jjGFEO.OFGa9cwIAeJ9udwOlhcVfEgAQLb4p.4a',NULL,'admin',1,NULL,'2023-10-17','2023-10-17');
INSERT INTO users(id,name,email,phone,email_verified_at,password,photo,role,is_active,remember_token,created_at,updated_at) VALUES (269,'pantai jesica','pantaijesica@sips.com',NULL,NULL,'$2y$10$unS9AiJLUoIlMwCpj0aqNe8bB58dS9QnnW8HBTl/l0ygsjzb9iZ5S',NULL,'admin',1,NULL,'2023-10-17','2023-10-17');
INSERT INTO users(id,name,email,phone,email_verified_at,password,photo,role,is_active,remember_token,created_at,updated_at) VALUES (270,'pantai kenangan','pantaikenangan@sips.com',NULL,NULL,'$2y$10$hsQQt3WxK4ysTIFNVmFNCu7Te5SCQbLpVW7sqcZLupT2HC78fGn6O',NULL,'admin',1,'es9Dc61umlviduOdX2kQ5rmBLlhBUqSoMECVTYyjDlXrnJBSq2AyLmpkpeTN','2023-10-17','2023-10-17');
INSERT INTO users(id,name,email,phone,email_verified_at,password,photo,role,is_active,remember_token,created_at,updated_at) VALUES (271,'pantai clara','pantaiclara@sips.com',NULL,NULL,'$2y$10$ZafK.NWQ.hq3hCTOIMhik.gZ2oOpHLeOAtKp4OU7wajD9t8oK5cQm',NULL,'admin',1,NULL,'2023-10-17','2023-10-17');
INSERT INTO users(id,name,email,phone,email_verified_at,password,photo,role,is_active,remember_token,created_at,updated_at) VALUES (272,'pantai batu hoda','pantaibatuhoda@sips.com',NULL,NULL,'$2y$10$r.3BhwgRkdPPsruKa3ly7eC6k0rOf5X1ASM6Ec5U13uDp8qYtKZUG',NULL,'admin',1,'5Ow5GxaIBxc3cNLEmGn1J2jAbuGYwB7ux5SjfnHeZdYiSSbHydcq0KveOZh5','2023-10-17','2023-10-17');
INSERT INTO users(id,name,email,phone,email_verified_at,password,photo,role,is_active,remember_token,created_at,updated_at) VALUES (273,'Iwan damanik','arilnabil@60yaho.com','81396786644',NULL,'$2y$10$0IR7TqQls1rhyXxQeh.jBe.kdVNbB9yc747KOPN/PAIPGlu0reUIK',NULL,'user',1,NULL,'2023-10-22','2023-10-22');
INSERT INTO users(id,name,email,phone,email_verified_at,password,photo,role,is_active,remember_token,created_at,updated_at) VALUES (274,'sawal','sawal.metrosiantar@gmail.com','83819814639',NULL,'$2y$10$coISp11jWlOR/SkM///Bde/CBNYKDenjg4Mn.G17g1Ms28yJpPr2q',NULL,'user',1,NULL,'2023-10-23','2023-10-23');
INSERT INTO users(id,name,email,phone,email_verified_at,password,photo,role,is_active,remember_token,created_at,updated_at) VALUES (275,'simatahuting','simatahuting@sips.com',NULL,NULL,'$2y$10$9jZMNer2jpg3HiCZ4mvg5O1TKOYB2CgzOarhNPCZJvkr1ioHo0FrS',NULL,'admin',1,'EaMYfWhRY09YdP93LLe8siPlNdJmGKXiC0czrivBv4RO7Z9OmNoaldGz6eBV','2023-10-25','2023-10-26');
INSERT INTO users(id,name,email,phone,email_verified_at,password,photo,role,is_active,remember_token,created_at,updated_at) VALUES (276,'atsari hotel','atsarihotel@sips.com',NULL,NULL,'$2y$10$9weYqeVJEZHl.vdPHtJxr.XoaWnG8806GZfmec6V5W3aT7uiNkK1W',NULL,'admin',1,'536|QRmug8sINzUUgNQIIUCnop9lRo2YQa3HntShxhXJ','2023-10-25','2023-11-06');
INSERT INTO users(id,name,email,phone,email_verified_at,password,photo,role,is_active,remember_token,created_at,updated_at) VALUES (277,'Danau toba cottage parapat','cottageparapat@sips.com',NULL,NULL,'$2y$10$vT6JyGBkcA4rNCcOi/hTSeq0PIT8h.oQaEBsdfpn4J4M6ExBX1c7u',NULL,'admin',1,NULL,'2023-10-25','2023-10-25');
INSERT INTO users(id,name,email,phone,email_verified_at,password,photo,role,is_active,remember_token,created_at,updated_at) VALUES (278,'Grand Tamaro','grandtamaro@sips.com',NULL,NULL,'$2y$10$SoucZIFwfaD8/e08yDRZSuaFn9SvQjHgdoUUxoqnJF1fdY.AELmkK',NULL,'admin',1,NULL,'2023-10-25','2023-10-25');
INSERT INTO users(id,name,email,phone,email_verified_at,password,photo,role,is_active,remember_token,created_at,updated_at) VALUES (279,'wismabahari','wismabahari@sips.com',NULL,NULL,'$2y$10$7RRbEyjLITFFH8LvBG8f2u.x4VBVeuNSedeXmSu8FYPt3l72xi0wm',NULL,'admin',1,NULL,'2023-10-25','2023-10-25');
INSERT INTO users(id,name,email,phone,email_verified_at,password,photo,role,is_active,remember_token,created_at,updated_at) VALUES (280,'siantar hotel','siantarhotel1',NULL,NULL,'$2y$10$c2gd.Uo.kjelp8yYO2AIP.ijOs.DLdehFMw.wRMsLAm9KOiFo6ASK',NULL,'admin',1,NULL,'2023-10-25','2023-10-25');
INSERT INTO users(id,name,email,phone,email_verified_at,password,photo,role,is_active,remember_token,created_at,updated_at) VALUES (281,'hotel pelangi','hotelpelangi@sips.com',NULL,NULL,'$2y$10$kugOlEaFlZB0/4jI2lA/kuSa6K2EofFXR1huNGEzRAnaQoRcyREKu',NULL,'admin',1,NULL,'2023-10-25','2023-10-25');
INSERT INTO users(id,name,email,phone,email_verified_at,password,photo,role,is_active,remember_token,created_at,updated_at) VALUES (282,'green star park hotel','greenstarpark@sips.com',NULL,NULL,'$2y$10$Dg.Cz9B4IkiebXMetDejI.fBjKMiU5c8RPGWdk/zwf8kLjIivq07m',NULL,'admin',1,NULL,'2023-10-25','2023-10-25');
INSERT INTO users(id,name,email,phone,email_verified_at,password,photo,role,is_active,remember_token,created_at,updated_at) VALUES (283,'mynasha hotel','mynashahotel@sips.com',NULL,NULL,'$2y$10$o9vNdl7EQvcvRTwJ9zUtauSYSmTVk41Sb7YpMMMB9PazcKYTUyvYe',NULL,'admin',1,NULL,'2023-10-25','2023-10-25');
INSERT INTO users(id,name,email,phone,email_verified_at,password,photo,role,is_active,remember_token,created_at,updated_at) VALUES (284,'riton hotel tigaras','theriton@sips.com',NULL,NULL,'$2y$10$EfOIiAfrLPNi7nqvdeIXi.4pwKBcpi6Gfe6uE0youqBOzapjuWs/O',NULL,'admin',1,NULL,'2023-10-25','2023-10-25');
INSERT INTO users(id,name,email,phone,email_verified_at,password,photo,role,is_active,remember_token,created_at,updated_at) VALUES (285,'hotel agave','agave@sips.com',NULL,NULL,'$2y$10$1E.6TCVS7hC446PEkccZqe4/cUJuCS3Hole6IIf3jPWR9X3XStWPi',NULL,'admin',1,NULL,'2023-10-25','2023-10-25');
INSERT INTO users(id,name,email,phone,email_verified_at,password,photo,role,is_active,remember_token,created_at,updated_at) VALUES (286,'juniar tita sinaga','juniartita4@gmail.com','81396937595',NULL,'$2y$10$m3g3shNz/qc.eKVVCAiN/ez8RqlRYPiQuTnes3erRpVd0Zw631A5q',NULL,'user',1,NULL,'2023-10-31','2023-10-31');
INSERT INTO users(id,name,email,phone,email_verified_at,password,photo,role,is_active,remember_token,created_at,updated_at) VALUES (287,'ikong','ikongdamanik35@gmail.com','81293331498',NULL,'$2y$10$D3UsTh1gRmDoxd8rYltw1etGzlCa1dWZm8QFRihfvD1JkzEURczAK',NULL,'user',1,NULL,'2023-11-05','2023-11-05');
INSERT INTO users(id,name,email,phone,email_verified_at,password,photo,role,is_active,remember_token,created_at,updated_at) VALUES (288,'siti','sitisyafaiyah30@gmail.com','85358772808',NULL,'$2y$10$f0Ifa6WH5KOVaftvBmTbG.Z1LS/4F0bbQd2Q10pqPJbIMxl4LbDBe',NULL,'user',1,NULL,'2023-11-12','2023-11-12');
INSERT INTO users(id,name,email,phone,email_verified_at,password,photo,role,is_active,remember_token,created_at,updated_at) VALUES (289,'saras','sasdewi1@gmail.com','82245544444',NULL,'$2y$10$hA2Y52b7lpL1tT3mVhTCB.r4LS.ImYb7jY.TxU0pQoUOMjxuz3y5S',NULL,'user',1,NULL,'2023-12-07','2023-12-07');
INSERT INTO users(id,name,email,phone,email_verified_at,password,photo,role,is_active,remember_token,created_at,updated_at) VALUES (290,'Malini sinaga','sinagamalini@gmail.com','82237515979',NULL,'$2y$10$r5PRlzaxPxMw9D9gt/Ymku9rv4.HbsNQ9s5xWjXEbjh5.X77/fbKK',NULL,'user',1,NULL,'2023-12-08','2023-12-08');
INSERT INTO users(id,name,email,phone,email_verified_at,password,photo,role,is_active,remember_token,created_at,updated_at) VALUES (291,'ADE KURNIAWAN NASUTION','nasutionade937@gmail.com','82164767125',NULL,'$2y$10$5tO/3kdl3TlyN4S9Vjw3Cu5dBeO1JEKHC/Y210kPlYZqMkDZBPoLm',NULL,'user',1,'544|85gQSzfMv2zdfjvUCFpyR0DY6er3A6gyRrKmHZjA','2023-12-18','2023-12-18');
INSERT INTO users(id,name,email,phone,email_verified_at,password,photo,role,is_active,remember_token,created_at,updated_at) VALUES (292,'Fiqhi Ibrahim','galang.darmawan19@gmail.com','85831249492',NULL,'$2y$10$BmE6uod3qKipayZlIkWFF.wIVL87OZqWNMblKbZXcs7BsFYU7QP62',NULL,'user',1,NULL,'2024-02-05','2024-02-05');
INSERT INTO users(id,name,email,phone,email_verified_at,password,photo,role,is_active,remember_token,created_at,updated_at) VALUES (293,'Admin Kampung Warna Warni','kampung.warnawarni@simtour.com',NULL,NULL,'$2y$10$KuNiYEnPqg49NOPKVb4freFyRLi2v.wVo6HnAt3mN0KgqM7lb5dAW',NULL,'admin',1,NULL,'2024-03-02','2024-03-02');
INSERT INTO users(id,name,email,phone,email_verified_at,password,photo,role,is_active,remember_token,created_at,updated_at) VALUES (294,'34433224423','34433224423@gmail.com',NULL,NULL,'$2y$10$trz.JNFLmdrcMNpDqFAoCu9/36VS7X9bhPT0m6ooldyuxqcs0Q.fe',NULL,'admin',1,NULL,'2024-03-04','2024-03-04');

INSERT INTO tourism_admins(id,tourism_id,user_id,created_at,updated_at) VALUES (1,37,239,'2023-08-09','2023-12-12');
INSERT INTO tourism_admins(id,tourism_id,user_id,created_at,updated_at) VALUES (2,28,240,'2023-08-09','2023-10-17');
INSERT INTO tourism_admins(id,tourism_id,user_id,created_at,updated_at) VALUES (3,99,242,'2023-08-09','2023-10-19');
INSERT INTO tourism_admins(id,tourism_id,user_id,created_at,updated_at) VALUES (4,1,243,'2023-08-09','2023-08-09');
INSERT INTO tourism_admins(id,tourism_id,user_id,created_at,updated_at) VALUES (5,38,244,'2023-08-09','2023-10-05');
INSERT INTO tourism_admins(id,tourism_id,user_id,created_at,updated_at) VALUES (6,100,245,'2023-08-09','2023-10-22');
INSERT INTO tourism_admins(id,tourism_id,user_id,created_at,updated_at) VALUES (7,138,246,'2023-08-09','2023-08-09');
INSERT INTO tourism_admins(id,tourism_id,user_id,created_at,updated_at) VALUES (8,20,247,'2023-08-09','2023-08-09');
INSERT INTO tourism_admins(id,tourism_id,user_id,created_at,updated_at) VALUES (9,229,248,'2023-08-09','2024-03-04');
INSERT INTO tourism_admins(id,tourism_id,user_id,created_at,updated_at) VALUES (10,73,260,'2023-10-10','2023-10-16');
INSERT INTO tourism_admins(id,tourism_id,user_id,created_at,updated_at) VALUES (11,230,261,'2023-10-10','2023-10-16');
INSERT INTO tourism_admins(id,tourism_id,user_id,created_at,updated_at) VALUES (12,20,263,'2023-10-17','2023-10-17');
INSERT INTO tourism_admins(id,tourism_id,user_id,created_at,updated_at) VALUES (13,21,264,'2023-10-17','2023-10-17');
INSERT INTO tourism_admins(id,tourism_id,user_id,created_at,updated_at) VALUES (14,22,265,'2023-10-17','2023-10-17');
INSERT INTO tourism_admins(id,tourism_id,user_id,created_at,updated_at) VALUES (15,19,266,'2023-10-17','2023-10-17');
INSERT INTO tourism_admins(id,tourism_id,user_id,created_at,updated_at) VALUES (16,18,267,'2023-10-17','2023-10-17');
INSERT INTO tourism_admins(id,tourism_id,user_id,created_at,updated_at) VALUES (17,14,268,'2023-10-17','2023-10-17');
INSERT INTO tourism_admins(id,tourism_id,user_id,created_at,updated_at) VALUES (18,15,269,'2023-10-17','2023-10-17');
INSERT INTO tourism_admins(id,tourism_id,user_id,created_at,updated_at) VALUES (19,11,270,'2023-10-17','2023-10-17');
INSERT INTO tourism_admins(id,tourism_id,user_id,created_at,updated_at) VALUES (20,13,271,'2023-10-17','2023-10-17');
INSERT INTO tourism_admins(id,tourism_id,user_id,created_at,updated_at) VALUES (21,12,272,'2023-10-17','2023-10-17');
INSERT INTO tourism_admins(id,tourism_id,user_id,created_at,updated_at) VALUES (22,40,275,'2023-10-25','2023-10-26');
INSERT INTO tourism_admins(id,tourism_id,user_id,created_at,updated_at) VALUES (23,83,293,'2024-03-02','2024-03-02');

INSERT INTO hotel_admins(id,hotel_id,user_id,created_at,updated_at) VALUES (1,6,276,'2023-10-25','2023-10-25');
INSERT INTO hotel_admins(id,hotel_id,user_id,created_at,updated_at) VALUES (2,7,277,'2023-10-25','2023-10-25');
INSERT INTO hotel_admins(id,hotel_id,user_id,created_at,updated_at) VALUES (3,19,278,'2023-10-25','2023-10-25');
INSERT INTO hotel_admins(id,hotel_id,user_id,created_at,updated_at) VALUES (4,25,279,'2023-10-25','2023-10-25');
INSERT INTO hotel_admins(id,hotel_id,user_id,created_at,updated_at) VALUES (5,5,280,'2023-10-25','2023-10-25');
INSERT INTO hotel_admins(id,hotel_id,user_id,created_at,updated_at) VALUES (6,10,281,'2023-10-25','2023-10-25');
INSERT INTO hotel_admins(id,hotel_id,user_id,created_at,updated_at) VALUES (7,35,282,'2023-10-25','2023-10-25');
INSERT INTO hotel_admins(id,hotel_id,user_id,created_at,updated_at) VALUES (8,38,283,'2023-10-25','2023-10-25');
INSERT INTO hotel_admins(id,hotel_id,user_id,created_at,updated_at) VALUES (9,46,284,'2023-10-25','2023-10-25');
INSERT INTO hotel_admins(id,hotel_id,user_id,created_at,updated_at) VALUES (10,42,285,'2023-10-25','2023-10-25');
